sorgu,page_id,sayfa,alan_adi,baslangic,son_gorulme,aktif,varyasyon_sayisi,platformlar,metin_ilk_200
BR_medico,119356663233742,Gratus Tecnologia,www.doutorbeneficios.com,2026-07-14,2026-10-01,True,7,FACEBOOK|INSTAGRAM|AUDIENCE_NETWORK|MESSENGER|THREADS,Você não merece ir trabalhar doente só para não ter o dia descontado do seu salário.  E muito menos correr o risco de ser demitido simplesmente porque não conseguiu atendimento médico.  Na Doutor Bene
BR_medico,119356663233742,Gratus Tecnologia,doutorkids.com,2026-07-28,2026-10-01,True,,FACEBOOK|INSTAGRAM|AUDIENCE_NETWORK|MESSENGER|THREADS,Você não merece ir trabalhar doente só para não ter o dia descontado do seu salário.  E muito menos correr o risco de ser demitido simplesmente porque não conseguiu atendimento médico.  Na Doutor Bene
BR_medico,119356663233742,Gratus Tecnologia,doutorbeneficios.com,2026-07-14,2026-10-01,True,5,FACEBOOK|INSTAGRAM|AUDIENCE_NETWORK|MESSENGER|THREADS,"🤒 Acordou mal? Você não precisa enfrentar filas nem sair de casa.  Receba atendimento médico online de forma rápida, segura e com médicos disponíveis 24 horas por dia, diretamente pelo celular.  💙 Ape"
BR_medico,119356663233742,Gratus Tecnologia,doutorbeneficios.com,2026-08-24,2026-10-01,True,,FACEBOOK|INSTAGRAM|AUDIENCE_NETWORK|MESSENGER|THREADS,"🤒 Acordou mal? Você não precisa enfrentar filas nem sair de casa.  Receba atendimento médico online de forma rápida, segura e com médicos disponíveis 24 horas por dia, diretamente pelo celular.  💙 Ape"
BR_medico,119356663233742,Gratus Tecnologia,doutorbeneficios.com,2026-08-24,2026-10-01,True,,FACEBOOK|INSTAGRAM|AUDIENCE_NETWORK|MESSENGER|THREADS,"🤒 Acordou mal? Você não precisa enfrentar filas nem sair de casa.  Receba atendimento médico online de forma rápida, segura e com médicos disponíveis 24 horas por dia, diretamente pelo celular.  💙 Ape"
BR_medico,119356663233742,Gratus Tecnologia,doutorbeneficios.com,2026-07-16,2026-10-01,True,,FACEBOOK|INSTAGRAM|AUDIENCE_NETWORK|MESSENGER|THREADS,"🤒 Acordou mal? Você não precisa enfrentar filas nem sair de casa.  Receba atendimento médico online de forma rápida, segura e com médicos disponíveis 24 horas por dia, diretamente pelo celular.  💙 Ape"
BR_medico,532318430258321,Soldiers Nutrition,soldiersnutrition.com.br,2026-07-01,2026-10-01,True,,FACEBOOK|INSTAGRAM|AUDIENCE_NETWORK|MESSENGER|THREADS,"Tem dias que a cabeça não ajuda. Você acorda já cansado, sem foco, sem energia pra nada. A gente tende a achar que é frescura ou falta de força de vontade. Mas às vezes o que falta é dar ao seu corpo "
BR_medico,119356663233742,Gratus Tecnologia,doutorbeneficios.com,2026-07-14,2026-10-01,True,5,FACEBOOK|INSTAGRAM|AUDIENCE_NETWORK|MESSENGER|THREADS,"🤧 Acordou com sintomas inesperados? Não deixe a preocupação tomar conta do seu dia.  No Doutor Benefícios, você pode conversar com um médico sem sair de casa, com atendimento 24 horas, de forma rápida"
BR_medico,908970792304895,Help Global Brazil,doutorsocial.com,2026-09-17,2026-10-01,True,3,FACEBOOK|INSTAGRAM|AUDIENCE_NETWORK|MESSENGER|THREADS,"Ficar doente já atrapalha o seu dia. Conseguir uma consulta não precisa complicar ainda mais. 💙  Com a Doutor Social, você fala com um médico pelo celular, sem sair de casa, por R$ 29,90, com atendime"
BR_medico,908970792304895,Help Global Brazil,doutorsocial.com,2026-07-15,2026-09-30,True,3,FACEBOOK|INSTAGRAM|AUDIENCE_NETWORK|MESSENGER|THREADS,"A Doutor Social está chegando para mudar completamente a forma que a Saúde é tratada e vista no Brasil.   - Aqui você fala com nossos médicos em poucos segundos; - Se for necessário, recebe receitas e"
BR_medico,1108178865720727,Natural Cycles BR,br.naturalcycles.com,2026-09-09,2026-10-01,True,1,FACEBOOK|INSTAGRAM|AUDIENCE_NETWORK|THREADS,{{product.brand}}
BR_medico,230195277011865,Emercor,,2026-02-26,2026-10-01,True,1,FACEBOOK|INSTAGRAM|THREADS,"Você sabia que existe um plano de saúde que oferece telemedicina 24 horas com consultas ILIMITADAS?  A Emercor, com mais de 30 anos de experiência em atendimento pré-hospitalar, oferece para seus afil"
BR_medico,908970792304895,Help Global Brazil,doutorsocial.com,2026-07-15,2026-10-01,True,3,FACEBOOK|INSTAGRAM|AUDIENCE_NETWORK|MESSENGER|THREADS,"A Doutor Social está chegando para mudar completamente a forma que a Saúde é tratada e vista no Brasil.   - Aqui você fala com nossos médicos em poucos segundos; - Se for necessário, recebe receitas e"
BR_medico,908970792304895,Help Global Brazil,doutorsocial.com,2026-09-12,2026-10-01,True,,FACEBOOK|INSTAGRAM|AUDIENCE_NETWORK|MESSENGER|THREADS,"A Doutor Social está chegando para mudar completamente a forma que a Saúde é tratada e vista no Brasil.   - Aqui você fala com nossos médicos em poucos segundos; - Se for necessário, recebe receitas e"
BR_medico,908970792304895,Help Global Brazil,instagram.com,2026-08-24,2026-10-01,True,1,FACEBOOK|INSTAGRAM,"Consulta médica de graça sem sair de casa?  É verdade isso?  Sim, a Doutor Social disponibiliza todo mês 10mil consultas gratuitas para ajudar nós brasileiros a termos acesso à saúde rápida, de qualid"
BR_medico,119356663233742,Gratus Tecnologia,doutorbeneficios.com,2026-07-16,2026-10-01,True,3,INSTAGRAM,"😷 O dia começou difícil? Não espere piorar.  Com o Doutor Benefícios, você fala com um médico 24 horas por dia, sem sair de casa e, na maioria das vezes, inicia seu atendimento em menos de 1 minuto.  "
BR_medico,1564230533863706,Hospital Mater Dei Santa Genoveva,meumaterdei.com.br,2026-07-14,2026-10-01,True,1,FACEBOOK|INSTAGRAM|AUDIENCE_NETWORK|THREADS,"#tudopravoceficarbem Saúde, inovação e humanidade: o hospital que é referência em saúde no município de Uberlândia."
BR_medico,908970792304895,Help Global Brazil,instagram.com,2026-07-15,2026-09-30,True,1,FACEBOOK|INSTAGRAM,"Sim, o nosso CEO Phablo Luz deu à ordem e a Doutor Social irá atender todos os meses 10mil pacientes totalmente de graça.   E se você não se consultou com a gente, pode se consultar agora mesmo.   É s"
BR_medico,240827642617641,Magic Gardens,magicgardens.com.br,2025-02-12,2026-10-01,True,1,FACEBOOK|INSTAGRAM|AUDIENCE_NETWORK|MESSENGER,"FIQUE EM DIA E EVITE FILAS COM O NOSSO APLICATIVO 😱 📲   Muita facilidade para pagar parcelas, mensalidades do clube, cursos, academia e consultar validade do exame médico, tudo isso sem sair de casa! "
BR_medico,536109489593147,OncoApp,www.instagram.com,2025-10-07,2026-10-01,True,1,INSTAGRAM,"Receber o diagnóstico de um câncer é algo que transforma a vida de qualquer pessoa. E no meio de tantos exames, decisões e emoções, encontrar informações confiáveis e apoio de verdade pode ser muito d"
BR_medico,119356663233742,Gratus Tecnologia,doutorbeneficios.com,2026-07-15,2026-10-01,True,1,INSTAGRAM,"Quando a saúde pede atenção, o cuidado não precisa esperar.  Fale com um médico online, sem sair de casa, a qualquer hora do dia. Atendimento 24h por apenas R$ 49,90 no link da Bio. 📲  #Telemedicina #"
BR_medico,233652773405759,Plano de Saúde Hospitalar,,2026-01-12,2026-10-01,True,1,FACEBOOK|INSTAGRAM|MESSENGER|THREADS,"O Pronto Atendimento Digital do Plano de Saúde Hospitalar conecta você a médicos plantonistas para avaliações clínicas e acompanhamento remoto, com segurança e tranquilidade.  É cuidado no tempo certo"
BR_medico,908970792304895,Help Global Brazil,doutorsocial.com,2026-09-17,2026-10-01,True,3,FACEBOOK|INSTAGRAM|AUDIENCE_NETWORK|MESSENGER|THREADS,"Ficar doente já atrapalha o seu dia. Conseguir uma consulta não precisa complicar ainda mais. 💙  Com a Doutor Social, você fala com um médico pelo celular, sem sair de casa, por R$ 29,90, com atendime"
BR_medico,119356663233742,Gratus Tecnologia,www.doutorbeneficios.com,2026-08-23,2026-10-01,True,7,FACEBOOK|INSTAGRAM|AUDIENCE_NETWORK|MESSENGER|THREADS,Você não merece ir trabalhar doente só para não ter o dia descontado do seu salário.  E muito menos correr o risco de ser demitido simplesmente porque não conseguiu atendimento médico.  Na Doutor Bene
BR_medico,119356663233742,Gratus Tecnologia,www.doutorbeneficios.com,2026-07-15,2026-09-30,True,,INSTAGRAM,Você não merece ir trabalhar doente só para não ter o dia descontado do seu salário.  E muito menos correr o risco de ser demitido simplesmente porque não conseguiu atendimento médico.  Na Doutor Bene
BR_medico,119356663233742,Gratus Tecnologia,www.doutorbeneficios.com,2026-07-16,2026-10-01,True,,FACEBOOK|INSTAGRAM|AUDIENCE_NETWORK|MESSENGER|THREADS,Você não merece ir trabalhar doente só para não ter o dia descontado do seu salário.  E muito menos correr o risco de ser demitido simplesmente porque não conseguiu atendimento médico.  Na Doutor Bene
BR_medico,908970792304895,Help Global Brazil,doutorsocial.com,2026-09-11,2026-10-01,True,5,FACEBOOK|INSTAGRAM|AUDIENCE_NETWORK|MESSENGER|THREADS,"Cuidar da sua saúde ficou ainda mais fácil! 💙  No Doutor Social, você conta com atendimento médico 24 horas, sem sair de casa, por apenas R$ 29,90.  E tem mais: todos os meses, disponibilizamos 10 mil"
BR_medico,166910170019889,Unimed Vales do Taquari e Rio Pardo,lp.unimedvtrp.com.br,2026-05-29,2026-10-01,True,1,FACEBOOK|INSTAGRAM,"Quando o distanciamento social exigiu novas formas de cuidar, a Unimed VTRP já estava pronta. Desde então, nossos serviços de Telemedicina seguem evoluindo para estar cada vez mais perto de você. 💻 Fa"
BR_medico,233652773405759,Plano de Saúde Hospitalar,,2025-06-17,2026-09-30,True,1,FACEBOOK|INSTAGRAM|MESSENGER|THREADS,Você sabia que o Plano Hospitalar tem Pronto-Atendimento Digital? Você pode acessá-lo facilmente no nosso aplicativo e se consultar com médicos capacitados de forma 100% remota e com atendimento 24 ho
BR_medico,119356663233742,Gratus Tecnologia,www.doutorbeneficios.com,2026-08-24,2026-10-01,True,7,FACEBOOK|INSTAGRAM|AUDIENCE_NETWORK|MESSENGER|THREADS,Você não merece ir trabalhar doente só para não ter o dia descontado do seu salário.  E muito menos correr o risco de ser demitido simplesmente porque não conseguiu atendimento médico.  Na Doutor Bene
BR_medico,119356663233742,Gratus Tecnologia,www.doutorbeneficios.com,2026-07-16,2026-10-01,True,,FACEBOOK|INSTAGRAM|AUDIENCE_NETWORK|MESSENGER|THREADS,Você não merece ir trabalhar doente só para não ter o dia descontado do seu salário.  E muito menos correr o risco de ser demitido simplesmente porque não conseguiu atendimento médico.  Na Doutor Bene
BR_medico,908970792304895,Help Global Brazil,doutorsocial.com,2026-09-17,2026-10-01,True,5,FACEBOOK|INSTAGRAM|AUDIENCE_NETWORK|MESSENGER|THREADS,"Cuidar da sua saúde ficou ainda mais fácil! 💙  No Doutor Social, você conta com atendimento médico 24 horas, sem sair de casa, por apenas R$ 29,90.  E tem mais: todos os meses, disponibilizamos 10 mil"
BR_medico,908970792304895,Help Global Brazil,doutorsocial.com,2026-09-11,2026-10-01,True,,FACEBOOK|INSTAGRAM|AUDIENCE_NETWORK|MESSENGER|THREADS,"Cuidar da sua saúde ficou ainda mais fácil! 💙  No Doutor Social, você conta com atendimento médico 24 horas, sem sair de casa, por apenas R$ 29,90.  E tem mais: todos os meses, disponibilizamos 10 mil"
BR_medico,908970792304895,Help Global Brazil,doutorsocial.com,2026-09-11,2026-10-01,True,5,FACEBOOK|INSTAGRAM|AUDIENCE_NETWORK|MESSENGER|THREADS,"Não está se sentindo bem hoje?  Com a Doutor Social, em menos de 1 minuto você fala com um médico, direto no celular. Sem longas filas, sem marcar horário, sem sair de casa.  ⏱ Fila de espera de segun"
BR_medico,908970792304895,Help Global Brazil,doutorsocial.com,2026-09-17,2026-10-01,True,,FACEBOOK|INSTAGRAM|AUDIENCE_NETWORK|MESSENGER|THREADS,"Não está se sentindo bem hoje?  Com a Doutor Social, em menos de 1 minuto você fala com um médico, direto no celular. Sem longas filas, sem marcar horário, sem sair de casa.  ⏱ Fila de espera de segun"
BR_medico,1472455576117506,Carnevale Advogados,api.whatsapp.com,2025-11-14,2026-10-01,True,2,FACEBOOK|INSTAGRAM,"⚠️ Perícia do INSS negada? Saiba o que fazer!  Se você está sem condições de trabalhar, tem laudo médico e teve a perícia do INSS negada, não desista!  Tem laudo médico, mas não consegue receber o aux"
BR_medico,119356663233742,Gratus Tecnologia,doutorbeneficios.com,2026-08-23,2026-10-01,True,5,FACEBOOK|INSTAGRAM|AUDIENCE_NETWORK|MESSENGER|THREADS,"🤧 Acordou com sintomas inesperados? Não deixe a preocupação tomar conta do seu dia.  No Doutor Benefícios, você pode conversar com um médico sem sair de casa, com atendimento 24 horas, de forma rápida"
BR_medico,119356663233742,Gratus Tecnologia,doutorbeneficios.com,2026-07-16,2026-10-01,True,,FACEBOOK|INSTAGRAM|AUDIENCE_NETWORK|MESSENGER|THREADS,"🤧 Acordou com sintomas inesperados? Não deixe a preocupação tomar conta do seu dia.  No Doutor Benefícios, você pode conversar com um médico sem sair de casa, com atendimento 24 horas, de forma rápida"
BR_medico,908970792304895,Help Global Brazil,doutorsocial.com,2026-07-15,2026-10-01,True,1,FACEBOOK|INSTAGRAM|AUDIENCE_NETWORK|MESSENGER|THREADS,🚨 Você já deixou de cuidar da sua saúde porque a consulta era cara?  Essa é a realidade de milhões de brasileiros. Mas ela pode mudar hoje.  A Doutor Social chegou para provar que saúde de qualidade p
BR_medico,908970792304895,Help Global Brazil,doutorsocial.com,2026-09-25,2026-10-01,True,2,FACEBOOK|INSTAGRAM|AUDIENCE_NETWORK|THREADS,Tem coisa que não escolhe hora para acontecer. 🤒 A febre pode aparecer à noite. A dor pode começar no fim de semana. Uma dúvida sobre a sua saúde pode surgir justamente quando conseguir atendimento pa
BR_medico,119356663233742,Gratus Tecnologia,doutorbeneficios.com,2026-07-16,2026-10-01,True,3,FACEBOOK|INSTAGRAM|AUDIENCE_NETWORK|MESSENGER|THREADS,"😷 O dia começou difícil? Não espere piorar.  Com o Doutor Benefícios, você fala com um médico 24 horas por dia, sem sair de casa e, na maioria das vezes, inicia seu atendimento em menos de 1 minuto.  "
BR_medico,119356663233742,Gratus Tecnologia,doutorbeneficios.com,2026-07-15,2026-09-30,True,5,INSTAGRAM,"🤒 Acordou mal? Você não precisa enfrentar filas nem sair de casa.  Receba atendimento médico online de forma rápida, segura e com médicos disponíveis 24 horas por dia, diretamente pelo celular.  💙 Ape"
BR_medico,119356663233742,Gratus Tecnologia,doutorbeneficios.com,2026-08-24,2026-10-01,True,5,FACEBOOK|INSTAGRAM|AUDIENCE_NETWORK|MESSENGER|THREADS,"🤧 Acordou com sintomas inesperados? Não deixe a preocupação tomar conta do seu dia.  No Doutor Benefícios, você pode conversar com um médico sem sair de casa, com atendimento 24 horas, de forma rápida"
BR_medico,194457280587097,Shopping Jardim Das Américas,,2026-07-13,2026-10-01,True,1,FACEBOOK|INSTAGRAM|AUDIENCE_NETWORK|THREADS,"Cuidar da sua saúde ficou mais prático. 🩺💙  No Centro Médico do Shopping Jardim das Américas, você encontra aproximadamente 15 especialidades médicas, atendimento por convênios e particular, além de c"
BR_medico,541999305669420,AppBlis,itunes.apple.com,2026-09-22,2026-10-01,True,2,FACEBOOK|INSTAGRAM|AUDIENCE_NETWORK|THREADS,"Cannabis medicinal começa com informação e uma avaliação médica individualizada. 🌿  A blis ajuda a tornar essa jornada mais simples. Pelo aplicativo, você pode conversar online com um médico, contar o"
BR_medico,1472455576117506,Carnevale Advogados,api.whatsapp.com,2026-01-29,2026-10-01,True,2,FACEBOOK|INSTAGRAM,"⚠️ Perícia do INSS negada? Saiba o que fazer!  Se você está sem condições de trabalhar, tem laudo médico e teve a perícia do INSS negada, não desista!  Tem laudo médico, mas não consegue receber o aux"
BR_medico,711565495382661,Creative TI Cursos e Treinamentos SAP,creative-ti.inf.br,2026-05-21,2026-10-01,True,3,FACEBOOK|INSTAGRAM|AUDIENCE_NETWORK,{{product.brand}}
BR_medico,711565495382661,Creative TI Cursos e Treinamentos SAP,creative-ti.inf.br,2026-05-20,2026-10-01,True,,INSTAGRAM,{{product.brand}}
BR_medico,711565495382661,Creative TI Cursos e Treinamentos SAP,creative-ti.inf.br,2026-05-20,2026-10-01,True,,INSTAGRAM,{{product.brand}}
BR_medico,345595618892442,Grupo SOS Total Saúde,assinatura.sostotalsaude.com.br,2026-03-10,2026-10-01,True,1,INSTAGRAM,"Sua primeira consulta pode ser o começo de um cuidado que transforma ❤️  Com o SOS Total Saúde, você tem acesso rápido a médicos e dentistas via telemedicina, sem copay e sem contrato anual — tudo em "
BR_medico,107614438735614,Mundo_autistas2,api.whatsapp.com,2026-08-20,2026-10-01,True,1,FACEBOOK|INSTAGRAM|AUDIENCE_NETWORK|MESSENGER|WHATSAPP,Identificação prática que traz mais tranquilidade no dia a dia. Mães já aprovam! Confira agora.
BR_medico,908970792304895,Help Global Brazil,doutorsocial.com,2026-09-11,2026-10-01,True,5,FACEBOOK|INSTAGRAM|AUDIENCE_NETWORK|MESSENGER|THREADS,"Não está se sentindo bem hoje?  Com a Doutor Social, em menos de 1 minuto você fala com um médico, direto no celular. Sem longas filas, sem marcar horário, sem sair de casa.  ⏱ Fila de espera de segun"
BR_medico,100480228210259,Lucio Vanderlinde,luciovanderlinde.com.br,2026-09-21,2026-10-01,True,3,INSTAGRAM,"🏥 Tem médico, tem hospital, tem gente precisando operar. Então por que a cirurgia não sai? A resposta é a Tabela SUS: define quanto o hospital recebe por cada cirurgia, exame e consulta, e muitos valo"
BR_medico,908970792304895,Help Global Brazil,doutorsocial.com,2026-09-27,2026-10-01,True,2,FACEBOOK|INSTAGRAM|AUDIENCE_NETWORK|THREADS,Tem coisa que não escolhe hora para acontecer. 🤒 A febre pode aparecer à noite. A dor pode começar no fim de semana. Uma dúvida sobre a sua saúde pode surgir justamente quando conseguir atendimento pa
BR_medico,1895220004027581,Luisa Karoline Santiago Advocacia & Consultoria Jurídica,www.instagram.com,2026-05-29,2026-10-01,True,1,FACEBOOK|INSTAGRAM,"🚨 Atenção: quem recebe BPC/LOAS pode estar sendo convocado pelo INSS para reavaliação! Se não marcar a perícia médica e a avaliação social dentro de 30 dias, o benefício pode ser bloqueado.  Luisa Kar"
BR_medico,908970792304895,Help Global Brazil,doutorsocial.com,2026-09-27,2026-10-01,True,1,FACEBOOK|INSTAGRAM|AUDIENCE_NETWORK|THREADS,"Ficar doente já é ruim, mas esperar horas para conseguir se consultar é pior ainda. 📱🩺  Dor de garganta, febre, mal-estar, diarreia, dor nas costas, no ouvido, sintomas que apareceram do nada… coisa q"
BR_medico,107674018514824,Businesslaa,api.whatsapp.com,2026-07-18,2026-10-01,True,2,FACEBOOK|INSTAGRAM|AUDIENCE_NETWORK|MESSENGER|WHATSAPP,"O futuro da medicina está nas suas mãos. 🩺  Apresentamos o ultrassom portátil Butterfly IQ+ e IQ3, uma verdadeira revolução no mercado da medicina. Com ele, a realização de ultrassom não se limita mai"
BR_medico,191352894054471,Pocket FM Stories,play.google.com,2026-09-09,2026-10-01,True,1,FACEBOOK|INSTAGRAM,{{product.brand}}
BR_medico,100992512187152,dosys.app,,2026-08-11,2026-10-01,True,1,INSTAGRAM,Existem casos clínicos em que a riqueza de detalhes nos permitem explorar a fundo muitas oportunidades terapêuticas.  É óbvio que pra isso o Fisioterapeuta precisa dominar um arsenal de intervenções e
BR_medico,541999305669420,AppBlis,itunes.apple.com,2026-09-22,2026-10-01,True,2,FACEBOOK|INSTAGRAM|AUDIENCE_NETWORK|THREADS,"Cannabis medicinal começa com informação e uma avaliação médica individualizada. 🌿  A blis ajuda a tornar essa jornada mais simples. Pelo aplicativo, você pode conversar online com um médico, contar o"
BR_medico,107773654415620,Æņç3 COD,play.google.com,2026-06-24,2026-10-01,True,1,FACEBOOK|INSTAGRAM|AUDIENCE_NETWORK|MESSENGER|THREADS,💰🔥Assista novelas curtas online - Totalmente grátis! Imperdível!
BR_medico,908970792304895,Help Global Brazil,doutorsocial.com,2026-09-19,2026-10-01,True,5,FACEBOOK|INSTAGRAM|AUDIENCE_NETWORK|THREADS,"Não está se sentindo bem hoje?  Com a Doutor Social, em menos de 1 minuto você fala com um médico, direto no celular. Sem longas filas, sem marcar horário, sem sair de casa.  ⏱ Fila de espera de segun"
BR_medico,358507244247480,Unimed Londrina,,2026-09-25,2026-10-01,True,1,FACEBOOK|INSTAGRAM|AUDIENCE_NETWORK|THREADS,"Oferecemos a você e à sua família um cuidado que acompanha todas as fases da vida!  Para cada necessidade, você pode contar com um serviço. Por isso, saber qual é a opção certa para cada situação faz "
BR_medico,105009802115939,Medcards,instagram.com,2026-05-24,2026-10-01,True,1,INSTAGRAM,"O Lucas estudou somente com a Medcards. Sem cursinho ou mentoria de 20 mil. Sem aulas, apostilas ou resumos.  Ele seguiu a estratégia.  Foi CONSISTENTE naquilo que realmente funciona: flashcards, ques"
BR_medico,111181188430390,CalcMed,itunes.apple.com,2026-05-25,2026-10-01,True,3,FACEBOOK|INSTAGRAM|AUDIENCE_NETWORK|MESSENGER|THREADS,"Médico, vamos ser sinceros…  No meio do plantão você não tem tempo pra ficar fazendo cálculo de dose ou diluição na mão.  E é aí que mora o risco.  Com o CalcMed, você resolve tudo em segundos:  ✔ Pre"
BR_medico,207752345936387,PHS Samaritano Saúde,samaritanosaude.com.br,2026-08-07,2026-10-01,True,1,FACEBOOK|INSTAGRAM|AUDIENCE_NETWORK|MESSENGER|THREADS,"🚨 A forma de acessar a Telemedicina do PHS Samaritano Saúde mudou! Agora, para agendar sua teleconsulta, basta acessar nosso site e clicar em ""Agendamento de Consulta"" ou “Telemedicina”, no menu super"
BR_medico,541999305669420,AppBlis,,2026-09-23,2026-10-01,True,1,FACEBOOK|INSTAGRAM|AUDIENCE_NETWORK|THREADS,"Cannabis medicinal começa com informação e uma avaliação médica individualizada. 🌿  A blis ajuda a tornar essa jornada mais simples. Pelo aplicativo, você pode conversar online com um médico, contar o"
BR_medico,958755640647223,Rota da CNH,instagram.com,2026-06-26,2026-10-01,True,1,INSTAGRAM,"🚦 Vai tirar sua primeira habilitação?  O caminho para a CNH começa antes de pegar no volante. Primeiro vem a preparação, a atenção às etapas e o estudo para a prova teórica.  Com o Rota da CNH, você p"
BR_medico,219898264837511,Unimed Jaraguá do Sul,unimed.coop.br/jaraguadosul,2026-05-11,2026-09-30,True,2,FACEBOOK|INSTAGRAM|MESSENGER,{{product.brand}}
BR_medico,120989430987316,Gado Bom Anúncios,www.appgadobom.com.br,2026-09-18,2026-10-01,True,2,FACEBOOK|INSTAGRAM|AUDIENCE_NETWORK|WHATSAPP|THREADS,"Gado, terra, máquina e insumo: tudo o que o campo precisa, num só lugar. 🐂🚜  No App Gado Bom tu fala direto com quem tá do outro lado do negócio, sem intermediário, sem enrolação. É só combinar e fech"
BR_saude,110087709157562,Amazon.com.br,itunes.apple.com,2026-07-07,2026-10-01,True,,FACEBOOK|INSTAGRAM,Fácil. Rápido. Seguro. 📱Baixe agora o app da Amazon
BR_saude,908970792304895,Help Global Brazil,doutorsocial.com,2026-07-15,2026-10-01,True,2,FACEBOOK|INSTAGRAM|AUDIENCE_NETWORK|MESSENGER|THREADS,{{product.brand}}
BR_saude,908970792304895,Help Global Brazil,doutorsocial.com,2026-07-15,2026-10-01,True,,FACEBOOK|INSTAGRAM|AUDIENCE_NETWORK|MESSENGER|THREADS,{{product.brand}}
BR_saude,222086361593149,InfinitePay,www.infinitepay.io,2026-05-06,2026-10-01,True,7,FACEBOOK|INSTAGRAM|MESSENGER,"Use seu Celular como uma Maquininha! É totalmente GRATUITO, e o melhor, você nem precisa de CNPJ! 🤑  ✅Taxas a partir de 0,75% ✅Recebimento em 1 dia ou em SEGUNDOS ✅100% Grátis 📲Compatível com Android "
BR_saude,222086361593149,InfinitePay,www.infinitepay.io,2026-04-30,2026-10-01,True,,FACEBOOK|INSTAGRAM|MESSENGER,"Use seu Celular como uma Maquininha! É totalmente GRATUITO, e o melhor, você nem precisa de CNPJ! 🤑  ✅Taxas a partir de 0,75% ✅Recebimento em 1 dia ou em SEGUNDOS ✅100% Grátis 📲Compatível com Android "
BR_saude,467004733320540,Medley Farmacêutica,api.whatsapp.com,2026-09-15,2026-10-01,True,1,FACEBOOK|INSTAGRAM|AUDIENCE_NETWORK|THREADS,"Não sabe por onde começar? Comece com a Cássia, da Medley. Conheça a assistente de saúde que você pode confiar. Pode chamar via WhatsApp agora mesmo.  #GenéricosMedley #PadrãoMedley #EficazEmTudoQueFa"
BR_saude,119356663233742,Gratus Tecnologia,doutorbeneficios.com,2026-07-14,2026-10-01,True,5,FACEBOOK|INSTAGRAM|AUDIENCE_NETWORK|MESSENGER|THREADS,"🤒 Acordou mal? Você não precisa enfrentar filas nem sair de casa.  Receba atendimento médico online de forma rápida, segura e com médicos disponíveis 24 horas por dia, diretamente pelo celular.  💙 Ape"
BR_saude,467004733320540,Medley Farmacêutica,api.whatsapp.com,2026-09-09,2026-10-01,True,1,FACEBOOK|INSTAGRAM|AUDIENCE_NETWORK|THREADS,"Não sabe por onde começar? Comece com a Cássia, da Medley. Conheça a assistente de saúde que você pode confiar. Pode chamar via WhatsApp agora mesmo.  #GenéricosMedley #PadrãoMedley #EficazEmTudoQueFa"
BR_saude,101388409641914,Flo Health,play.google.com,2026-06-15,2026-10-01,True,1,FACEBOOK|INSTAGRAM|AUDIENCE_NETWORK|MESSENGER|THREADS,{{product.brand}}
BR_saude,106888831200197,Kommo Brasil,instagram.com,2026-08-11,2026-10-01,True,1,FACEBOOK|INSTAGRAM,{{product.brand}}
BR_saude,171378594202,Panvel Farmácias,www.panvel.com,2026-09-02,2026-10-01,True,1,FACEBOOK|INSTAGRAM|WHATSAPP|THREADS,"Setembro Amarelo: converse com a Cássia, nossa assistente virtual de saúde mental, direto pelo WhatsApp."
BR_saude,222086361593149,InfinitePay,www.infinitepay.io,2026-04-30,2026-10-01,True,7,FACEBOOK|INSTAGRAM|MESSENGER|THREADS,"Use seu Celular como uma Maquininha! É totalmente GRATUITO, e o melhor, você nem precisa de CNPJ! 🤑  ✅Taxas a partir de 0,75% ✅Recebimento em 1 dia ou em SEGUNDOS ✅100% Grátis 📲Compatível com Android "
BR_saude,119356663233742,Gratus Tecnologia,doutorbeneficios.com,2026-07-14,2026-10-01,True,5,FACEBOOK|INSTAGRAM|AUDIENCE_NETWORK|MESSENGER|THREADS,"🤧 Acordou com sintomas inesperados? Não deixe a preocupação tomar conta do seu dia.  No Doutor Benefícios, você pode conversar com um médico sem sair de casa, com atendimento 24 horas, de forma rápida"
BR_saude,908970792304895,Help Global Brazil,doutorsocial.com,2026-09-17,2026-10-01,True,3,FACEBOOK|INSTAGRAM|AUDIENCE_NETWORK|MESSENGER|THREADS,"Ficar doente já atrapalha o seu dia. Conseguir uma consulta não precisa complicar ainda mais. 💙  Com a Doutor Social, você fala com um médico pelo celular, sem sair de casa, por R$ 29,90, com atendime"
BR_saude,177498502302321,Farmina Brasil,play.google.com,2024-12-16,2026-10-01,True,1,FACEBOOK|INSTAGRAM|AUDIENCE_NETWORK|MESSENGER,{{product.brand}}
BR_saude,101388409641914,Flo Health App,play.google.com,2026-06-15,2026-10-01,True,1,FACEBOOK|INSTAGRAM|AUDIENCE_NETWORK|MESSENGER|THREADS,{{product.brand}}
BR_saude,467004733320540,Medley Farmacêutica,api.whatsapp.com,2026-09-15,2026-10-01,True,1,FACEBOOK|INSTAGRAM|AUDIENCE_NETWORK|THREADS,"Não sabe por onde começar? Comece com a Cássia, da Medley. Conheça a assistente de saúde que você pode confiar. Pode chamar via WhatsApp agora mesmo.  #GenéricosMedley #PadrãoMedley #EficazEmTudoQueFa"
BR_saude,119356663233742,Gratus Tecnologia,doutorbeneficios.com,2026-08-24,2026-10-01,True,5,FACEBOOK|INSTAGRAM|AUDIENCE_NETWORK|MESSENGER|THREADS,"🤒 Acordou mal? Você não precisa enfrentar filas nem sair de casa.  Receba atendimento médico online de forma rápida, segura e com médicos disponíveis 24 horas por dia, diretamente pelo celular.  💙 Ape"
BR_saude,119356663233742,Gratus Tecnologia,doutorbeneficios.com,2026-08-24,2026-10-01,True,,FACEBOOK|INSTAGRAM|AUDIENCE_NETWORK|MESSENGER|THREADS,"🤒 Acordou mal? Você não precisa enfrentar filas nem sair de casa.  Receba atendimento médico online de forma rápida, segura e com médicos disponíveis 24 horas por dia, diretamente pelo celular.  💙 Ape"
BR_saude,115123421563800,Jéssica Pense Leve 4,instagram.com,2025-09-24,2026-10-01,True,1,INSTAGRAM,🔥Digite GRUPO nos comentários que eu envio o link do seu privado!
BR_saude,100146247999005,Proasa Saúde,captacao.proasasaude.com.br,2026-05-08,2026-09-30,True,4,FACEBOOK|INSTAGRAM,Você sabe como consultar a nossa rede credenciada? 🤔 É simples e rápido!  🔹 Acesse: proasasaude.com.br 🔹 Clique na aba “Rede credenciada” 🔹 Preencha os campos solicitados 🔹 Visualize os prestadores de
BR_saude,222086361593149,InfinitePay,apps.apple.com,2026-04-30,2026-10-01,True,7,FACEBOOK|INSTAGRAM|MESSENGER,"Use seu Celular como uma Maquininha! É totalmente GRATUITO, e o melhor, você nem precisa de CNPJ! 🤑  ✅Taxas a partir de 0,75% ✅Recebimento em 1 dia ou em SEGUNDOS ✅100% Grátis 📲Compatível com Android "
BR_saude,222086361593149,InfinitePay,www.infinitepay.io,2026-04-30,2026-10-01,True,,FACEBOOK|INSTAGRAM|MESSENGER|THREADS,"Use seu Celular como uma Maquininha! É totalmente GRATUITO, e o melhor, você nem precisa de CNPJ! 🤑  ✅Taxas a partir de 0,75% ✅Recebimento em 1 dia ou em SEGUNDOS ✅100% Grátis 📲Compatível com Android "
BR_saude,679279035276852,Flor de lis Acessorios ,instagram.com,2025-10-22,2026-10-01,True,1,FACEBOOK|INSTAGRAM,🚀 Lançamento Smartwatch W11 O ÚNICO que responde mensagem direto no WhatsApp 💬 Comenta “eu quero” pra receber o link ✅
BR_saude,1001016913250002,Vitoria Souza,www.instagram.com,2026-09-22,2026-10-01,True,1,FACEBOOK|INSTAGRAM,"Chegou o momento de fazer a diferença de verdade por Vitória! 💙 Uma candidatura feita por muitas mãos, com propostas reais e coragem para transformar a nossa cidade. Mas para isso acontecer, a sua voz"
BR_saude,112640308609310,Opto Eye Saúde Visual,api.whatsapp.com,2024-03-25,2026-10-01,True,1,FACEBOOK|INSTAGRAM|AUDIENCE_NETWORK|MESSENGER,"🚨Exame de Visão GRATUITO na Clínica OPTOEYE em Jundiaí!  Olá! Sou o Carlos, optometrista com 12 anos de experiência, e estou participando de uma campanha solidária de visão com a OptoEye. Estamos ofer"
BR_saude,241541945945271,Bel Col Cosmeticos,WhatsApp,2026-01-14,2026-10-01,True,3,FACEBOOK|INSTAGRAM|AUDIENCE_NETWORK|MESSENGER|WHATSAPP,"💆🏻‍♀️ Transforme sua clínica com produtos que refletem seu compromisso com a saúde da pele. A Bel Col, uma empresa que oferece não apenas produtos, mas também soluções para o sucesso do seu negócio."
BR_saude,217604331629487,Diagnocenter  Diagnomed,WhatsApp,2024-11-04,2026-10-01,True,1,FACEBOOK|INSTAGRAM|AUDIENCE_NETWORK|MESSENGER,"Cuidar da sua saúde é aqui na DIAGNOCENTER!   Temos mais de 200 exames disponíveis no mesmo lugar…. Além da praticidade, você terá preço acessível e um local de confiança para realizar seus exames.   "
BR_saude,119356663233742,Gratus Tecnologia,doutorbeneficios.com,2026-07-16,2026-10-01,True,5,FACEBOOK|INSTAGRAM|AUDIENCE_NETWORK|MESSENGER|THREADS,"🤒 Acordou mal? Você não precisa enfrentar filas nem sair de casa.  Receba atendimento médico online de forma rápida, segura e com médicos disponíveis 24 horas por dia, diretamente pelo celular.  💙 Ape"
BR_saude,467004733320540,Medley Farmacêutica,api.whatsapp.com,2026-09-09,2026-10-01,True,1,FACEBOOK|INSTAGRAM|AUDIENCE_NETWORK|THREADS,"Não sabe por onde começar? Comece com a Cássia, da Medley. Conheça a assistente de saúde que você pode confiar. Pode chamar via WhatsApp agora mesmo.  #GenéricosMedley #PadrãoMedley #EficazEmTudoQueFa"
BR_saude,119356663233742,Gratus Tecnologia,doutorsocial.com,2026-07-03,2026-10-01,True,1,FACEBOOK|INSTAGRAM|AUDIENCE_NETWORK|MESSENGER|THREADS,{{product.brand}}
BR_saude,106029015933754,Campanha Visão Ideal - Campinas ,WhatsApp,2026-02-10,2026-10-01,True,1,FACEBOOK|INSTAGRAM,📍 Em Campinas: 👓 Tá com dificuldade pra enxergar e ainda não fez o exame de vista?  O Projeto Visão Ideal é pra você!  💙 Exame de vista 100% gratuito com especialistas. 💙 Armação de óculos sem custo n
BR_saude,621479974377235,Central de Matrículas Anhanguera Online,WhatsApp,2026-08-15,2026-10-01,True,1,FACEBOOK|INSTAGRAM|AUDIENCE_NETWORK|MESSENGER|WHATSAPP,"🚀 QUALIFIQUE-SE COM A ANHANGUERA E DÊ UM NOVO RUMO À SUA CARREIRA! 🎓  Chegou a oportunidade que você esperava para conquistar uma nova profissão ou se destacar no mercado de trabalho!  Na Anhanguera, "
BR_saude,908970792304895,Help Global Brazil,doutorsocial.com,2026-07-15,2026-09-30,True,3,FACEBOOK|INSTAGRAM|AUDIENCE_NETWORK|MESSENGER|THREADS,"A Doutor Social está chegando para mudar completamente a forma que a Saúde é tratada e vista no Brasil.   - Aqui você fala com nossos médicos em poucos segundos; - Se for necessário, recebe receitas e"
BR_saude,241541945945271,Bel Col Cosmeticos,WhatsApp,2026-05-20,2026-10-01,True,3,FACEBOOK|INSTAGRAM|AUDIENCE_NETWORK|MESSENGER|WHATSAPP,"💆🏻‍♀️ Transforme sua clínica com produtos que refletem seu compromisso com a saúde da pele. A Bel Col, uma empresa que oferece não apenas produtos, mas também soluções para o sucesso do seu negócio."
BR_saude,1695266127352240,Flo Period Tracker App,play.google.com,2026-06-15,2026-10-01,True,1,FACEBOOK|INSTAGRAM|AUDIENCE_NETWORK|MESSENGER|THREADS,{{product.brand}}
BR_saude,112359317088625,Manual,manual.com.br/queda-de-cabelo,2026-09-23,2026-10-01,True,8,FACEBOOK|INSTAGRAM|THREADS,"Por que escolher a MANUAL?  🏠 Praticidade Total: Tudo online, em poucos minutos, sem sair de casa.  🧪 Ciência de Ponta: Tratamentos elaborados por farmácias autorizadas pela Anvisa.  🚚 Entrega Discret"
BR_saude,107199965258981,justmedicamentos,novo.justmedicamentos.com.br,2024-06-18,2026-10-01,True,1,INSTAGRAM,"🌡️ Dicas para Armazenar Medicamentos Refrigerados 🌡️  Para garantir a eficácia e a segurança dos medicamentos que precisam ser mantidos refrigerados, é essencial seguir algumas diretrizes de armazenam"
BR_saude,370110733082488,Clinica Feme,,2025-08-07,2026-10-01,True,1,FACEBOOK|INSTAGRAM|MESSENGER,"👩‍⚕️ Mulheres de Taguatinga, cuide da sua saúde íntima com os melhores especialistas em Ginecologia! Agende sua consulta online. Telefone: 61 3208-8818 / 99928-8818 (WhatsApp).  💗✍ SOMOS A CLÍNICA DA "
BR_saude,350767685531900,Ferreira Odontologia Frutal,api.whatsapp.com,2026-04-06,2026-10-01,True,1,FACEBOOK|INSTAGRAM|AUDIENCE_NETWORK|THREADS,{{product.brand}}
BR_saude,100146247999005,Proasa Saúde,captacao.proasasaude.com.br,2026-05-08,2026-10-01,True,4,FACEBOOK|INSTAGRAM,Você sabe como consultar a nossa rede credenciada? 🤔 É simples e rápido!  🔹 Acesse: proasasaude.com.br 🔹 Clique na aba “Rede credenciada” 🔹 Preencha os campos solicitados 🔹 Visualize os prestadores de
BR_saude,572630372861139,Casa de Negócios,WhatsApp,2026-03-20,2026-10-01,True,1,FACEBOOK|INSTAGRAM,Chegou a tabela nova da Assim Saúde para o Rio de Janeiro! 🏖 ✅ Planos com cobertura completa.  ✅ Atende os melhores hospitais da sua região.  ✅ Preços que cabem no bolso (confira na imagem).
BR_saude,721147797940810,Dr Danilo Mentrop,www.instagram.com,2025-07-14,2026-10-01,True,1,INSTAGRAM,"Bom dia, galera!   Segue aqui as respostas as dúvidas de vocês! Continuem mandando perguntas lá nos stories!!! Eh possível usar hormônios com indicação COM SAÚDE E SEM COLATERAIS!!!!  Marquem uma cons"
BR_saude,114945388338981,ADV LÍDER,www.instagram.com,2026-04-19,2026-10-01,True,1,INSTAGRAM,"IA da LiderHub atende de forma mais humanizada e precisa que qualquer ser humano seria capaz. Ela analisa documentos, qualifica, manda áudios, faz follow-ups, envia links, colhe assinatura.  Uma equip"
BR_saude,111974008658251,Casa da Progressiva Tatuapé ,api.whatsapp.com,2026-02-04,2026-10-01,True,1,FACEBOOK|INSTAGRAM|AUDIENCE_NETWORK,"Sua rotina é corrida e seu cabelo precisa acompanhar esse ritmo. Na Casa da Progressiva, entregamos um liso que facilita o seu dia a dia, reduz o tempo com chapinha e mantém os fios alinhados por muit"
BR_saude,677845175714076,Gastromed Paranavaí,WhatsApp,2023-11-27,2026-10-01,True,1,FACEBOOK|INSTAGRAM|AUDIENCE_NETWORK|MESSENGER,"🚨 Dor de estômago? Azia? Gastrite? Úlceras gástricas? Hemorroidas? Câncer de intestino? 👉Entre em contato agora mesmo!  ✅ Na Gastromed, cuidamos de uma ampla variedade de condições relacionadas ao apa"
BR_saude,243614326007271,Opulentofit,api.whatsapp.com,2025-08-27,2026-10-01,True,1,FACEBOOK|INSTAGRAM|AUDIENCE_NETWORK|THREADS,"Comida saudável de verdade tem nome: Opulento Fit 👩‍⚕️🍽️  @amandasantosnutrii é nutricionista e indica, porque a escolha é segura, prática e saborosa. Com a Opulento, você tem refeições equilibradas, "
BR_saude,102551047794316,clinem.al,,2025-07-08,2026-10-01,True,1,FACEBOOK|INSTAGRAM|AUDIENCE_NETWORK|THREADS,"Cuidar da sua saúde é o nosso compromisso! Na CLINEM, realizamos diversos tipos de ultrassonografia (USG) com tecnologia avançada e profissionais especializados, para garantir diagnósticos precisos e "
BR_saude,441136835746085,Caqui Saúde,fb.me,2026-05-14,2026-10-01,True,4,FACEBOOK|INSTAGRAM|AUDIENCE_NETWORK,"Simule seu plano de saúde HFC de forma rápida e sem compromisso.  Um hospital com mais de 50 anos de história, estrutura completa e referência no atendimento na região.  Com algumas informações básica"
BR_saude,101370262583396,Biostévi Pharma,www.biostevi.com.br,2026-08-12,2026-10-01,True,,FACEBOOK|INSTAGRAM|AUDIENCE_NETWORK|MESSENGER|THREADS,"Conheça as melhores fórmulas que podem transformar sua rotina ✨ Se você busca mais disposição, foco, imunidade, bem-estar, emagrecimento, saúde intestinal ou simplesmente cuidar melhor de si mesmo, va"
BR_saude,230195277011865,Emercor,,2026-02-26,2026-10-01,True,1,FACEBOOK|INSTAGRAM|THREADS,"Você sabia que existe um plano de saúde que oferece telemedicina 24 horas com consultas ILIMITADAS?  A Emercor, com mais de 30 anos de experiência em atendimento pré-hospitalar, oferece para seus afil"
BR_saude,156679735557,CREB,creb.com.br,2026-01-09,2026-09-30,True,1,FACEBOOK|INSTAGRAM|MESSENGER|THREADS,"⏲️ Pronto Atendimento com Horário Ampliado – No CREB, a sua saúde não espera!  Sabemos que dor e desconforto não escolhem hora para aparecer. Por isso, o CREB oferece pronto atendimento com horários e"
BR_saude,908970792304895,Help Global Brazil,doutorsocial.com,2026-07-15,2026-10-01,True,3,FACEBOOK|INSTAGRAM|AUDIENCE_NETWORK|MESSENGER|THREADS,"A Doutor Social está chegando para mudar completamente a forma que a Saúde é tratada e vista no Brasil.   - Aqui você fala com nossos médicos em poucos segundos; - Se for necessário, recebe receitas e"
BR_saude,908970792304895,Help Global Brazil,doutorsocial.com,2026-09-12,2026-10-01,True,,FACEBOOK|INSTAGRAM|AUDIENCE_NETWORK|MESSENGER|THREADS,"A Doutor Social está chegando para mudar completamente a forma que a Saúde é tratada e vista no Brasil.   - Aqui você fala com nossos médicos em poucos segundos; - Se for necessário, recebe receitas e"
BR_saude,1695266127352240,Flo Health,flo.health,2026-09-21,2026-10-01,True,7,FACEBOOK|INSTAGRAM|AUDIENCE_NETWORK,🌸 Junte-se a milhões de mulheres que descobrem informações de saúde com o Flo ➡️ Baixe o app agora mesmo
BR_saude,1695266127352240,Flo Health,itunes.apple.com,2026-09-21,2026-10-01,True,7,FACEBOOK|INSTAGRAM|AUDIENCE_NETWORK|THREADS,🌸 Junte-se a milhões de mulheres que descobrem informações de saúde com o Flo ➡️ Baixe o app agora mesmo
BR_saude,1695266127352240,Flo Health,play.google.com,2026-09-21,2026-10-01,True,,FACEBOOK|INSTAGRAM|AUDIENCE_NETWORK|THREADS,🌸 Junte-se a milhões de mulheres que descobrem informações de saúde com o Flo ➡️ Baixe o app agora mesmo
BR_saude,112433548818909,Polishop,www.polishop.com.br,2025-11-07,2026-10-01,True,2,FACEBOOK|INSTAGRAM|AUDIENCE_NETWORK|MESSENGER|THREADS,"🏡 Renovar sua casa nunca foi tão fácil!  Com a Aqua Cleaner, seus sofás, colchões e tapetes ganham vida nova: ela aspira, lava e extrai a sujeira mais profunda, chegando até 4cm! ✨  E no #AniversárioP"
BR_saude,333566107082012,Galle Schmidt - Odontologia além do Sorriso,WhatsApp,2023-08-03,2026-09-23,True,1,FACEBOOK|INSTAGRAM|AUDIENCE_NETWORK|MESSENGER,"❣️ Nós somos Dr Luiz Flavio Schmidt e Dra Shayene Galle Schmidt 🤍✨  ❣️ Juntos, buscamos levar O MELHOR da Odontologia, COM MUITO AMOR para os nossos pacientes!!! 😍  ❣️ AMAMOS poder participar da vida "
BR_saude,339598846063085,Cobasi - Essencial para a vida,https://www.cobasi.com.br/pesquisa?hotsite=racao-j...,2026-07-21,2026-10-01,True,1,FACEBOOK|INSTAGRAM,{{product.brand}}
BR_saude,100276122646576,Cartão Beneficiar,WhatsApp,2026-02-27,2026-10-01,True,1,FACEBOOK|INSTAGRAM|AUDIENCE_NETWORK|MESSENGER|WHATSAPP,"Cansado de perder tempo em hospital cheio ou pronto-socorro lotado em São Carlos? 😩  Com o Cartão Beneficiar, você consulta rápido, paga pouco e ainda ganha descontos exclusivos!  ✅ Consultas a partir"
BR_saude,119356663233742,Gratus Tecnologia,doutorbeneficios.com,2026-07-16,2026-10-01,True,3,INSTAGRAM,"😷 O dia começou difícil? Não espere piorar.  Com o Doutor Benefícios, você fala com um médico 24 horas por dia, sem sair de casa e, na maioria das vezes, inicia seu atendimento em menos de 1 minuto.  "
BR_saude,102490471176870,Next Clean- Londrina,api.whatsapp.com,2025-10-07,2026-10-01,True,1,FACEBOOK|INSTAGRAM,"📍[Londrina] . 🤔Já imaginou seu sofá com o cheirinho de novo outra vez? . 🥇A Next Clean vai te ajudar você a sentir o mesmo conforto de quando ele era novo.🤩 .  😃Nos preocupamos com sua saúde, bem-esta"
BR_saude,1798882753661618,Carro e Sofá Limpo - Joinville,api.whatsapp.com,2025-02-20,2026-10-01,True,1,FACEBOOK|INSTAGRAM,📍[Joinville] . 🤔Já imaginou ter seu sofá do mesmo jeitinho que você comprou? . 🥇A maior franquia de higienização e impermeabilização vai transformar seu sofá para você sentir o mesmo conforto de quand
BR_saude,572630372861139,Casa de Negócios,WhatsApp,2026-03-05,2026-10-01,True,1,FACEBOOK|INSTAGRAM,🚨 Plano de saúde caro? Com a SulAmérica você tem cobertura completa e economia no bolso.🚨
BR_saude,101388409641914,Flo Health,play.google.com,2026-06-15,2026-10-01,True,1,FACEBOOK|INSTAGRAM|AUDIENCE_NETWORK|MESSENGER|THREADS,{{product.brand}}
BR_saude,107254345181917,Dra Georgia Lavagnoli,api.whatsapp.com,2025-01-21,2026-10-01,True,1,FACEBOOK|INSTAGRAM|AUDIENCE_NETWORK|MESSENGER,Entre em contato conosco agora mesmo para saber mais sobre todos os benefícios e garanta hoje mesmo o seu implante! 👇🏻  𝐑𝐓 𝐃𝐫𝐚. 𝐆𝐞𝐨́𝐫𝐠𝐢𝐚 𝐋𝐚𝐯𝐚𝐠𝐧𝐨𝐥𝐢 𝐂𝐑𝐎 - 𝟒𝟑𝟐𝟓
BR_saude,598670199995835,Unif Educação BR,WhatsApp,2026-07-30,2026-10-01,True,2,FACEBOOK|INSTAGRAM|AUDIENCE_NETWORK|MESSENGER|WHATSAPP,"🎉 Sua chance de começar a FACULDADE pagando menos CHEGOU!  🎓 Graduação EAD reconhecida pelo MEC 💥 70% de desconto no curso todo 🎁 Matrícula PROMOCIONAL 💸 Mensalidades a partir de R$ 67,50/mês  Estude "
BR_saude,598670199995835,Unif Educação BR,WhatsApp,2026-07-30,2026-10-01,True,2,FACEBOOK|INSTAGRAM|AUDIENCE_NETWORK|MESSENGER|WHATSAPP,"🎉 Sua chance de começar a FACULDADE pagando menos CHEGOU!  🎓 Graduação EAD reconhecida pelo MEC 💥 70% de desconto no curso todo 🎁 Matrícula PROMOCIONAL 💸 Mensalidades a partir de R$ 67,50/mês  Estude "
BR_saude,2209173395978195,EndogastroClínica,endogastroclinica.com.br,2024-04-18,2026-10-01,True,1,FACEBOOK|INSTAGRAM|AUDIENCE_NETWORK|MESSENGER,Em Porto Alegre e pensando em fazer uma colonoscopia? Conte com a qualidade da EndogastroClínica!  Por que escolher a EndogastroClínica?  ✔️ Especialistas renomados: Equipe de gastroenterologistas qua
US_caregiver,103816964376829,Nandy Yoga,itunes.apple.com,2026-01-29,2026-08-19,True,1,FACEBOOK|INSTAGRAM|AUDIENCE_NETWORK|MESSENGER|THREADS,"FREE 30-DAY MAKE FAT CRY CHALLENGE!  Just 15 minutes a day - get super motivated in less time and make an incredible impact on your health, body and fitness while having fun getting fitter, leaner, st"
US_caregiver,1168804852973176,Silas Dawn Butler,play.google.com,2026-09-04,2026-10-01,True,1,FACEBOOK|INSTAGRAM|AUDIENCE_NETWORK|THREADS,Continue Watch
US_caregiver,103219685846470,Shoptemu,temu.com,2026-06-26,2026-10-01,True,,FACEBOOK|INSTAGRAM|MESSENGER|THREADS,"🎉 Unbelievable DISCOUNTS on fashion, home & more! Don't miss out! Open the Temu app and shop now! 💕"
US_caregiver,101886952638461,Temu,temu.com,2026-06-25,2026-10-01,True,,FACEBOOK|INSTAGRAM|MESSENGER|THREADS,"🎉 Unbelievable DISCOUNTS on fashion, home & more! Don't miss out! Open the Temu app and shop now! 💕"
US_caregiver,1261796823685197,Carissa Brittanieuxg,play.google.com,2026-09-07,2026-10-01,True,2,FACEBOOK|INSTAGRAM|AUDIENCE_NETWORK|THREADS,Watch the full story for free now!
US_caregiver,1168804852973176,Silas Dawn Butler,play.google.com,2026-09-06,2026-10-01,True,1,FACEBOOK|INSTAGRAM|AUDIENCE_NETWORK|MESSENGER|THREADS,Continue Watch
US_caregiver,1168804852973176,Silas Dawn Butler,play.google.com,2026-09-06,2026-10-01,True,1,FACEBOOK|INSTAGRAM|AUDIENCE_NETWORK|MESSENGER|THREADS,Next episode
US_caregiver,1261796823685197,Carissa Brittanieuxg,play.google.com,2026-09-18,2026-10-01,True,2,FACEBOOK|INSTAGRAM|AUDIENCE_NETWORK|THREADS,Watch the full story for free now!
US_caregiver,101408903006329,Paid.care,fb.me,2026-08-03,2026-10-01,True,1,FACEBOOK|INSTAGRAM|AUDIENCE_NETWORK,{{product.brand}}
US_caregiver,102630776059354,Jubileetv,getjubileetv.com,2026-07-24,2026-10-01,True,1,FACEBOOK|INSTAGRAM|MESSENGER|THREADS,{{product.brand}}
US_caregiver,101408903006329,Paid.care,fb.me,2026-06-24,2026-10-01,True,1,FACEBOOK|INSTAGRAM|AUDIENCE_NETWORK,{{product.brand}}
US_caregiver,298139186725904,Emily Wallace,ari.citizenhealth.com,2026-08-25,2026-10-01,True,1,FACEBOOK|INSTAGRAM|MESSENGER|THREADS,"My son has Angelman Syndrome, and lately we’ve been struggling with his seizures. ❤️  I was recently given the opportunity to try Ari, an AI system created to support people and caregivers living with"
US_caregiver,1261796823685197,Carissa Brittanieuxg,play.google.com,2026-09-18,2026-10-01,True,2,FACEBOOK|INSTAGRAM|AUDIENCE_NETWORK|THREADS,Watch the full story for free now!
US_caregiver,1273186485877030,Hayden Arthurocl,play.google.com,2026-09-14,2026-10-01,True,1,FACEBOOK|INSTAGRAM|AUDIENCE_NETWORK|THREADS,Continue Watch
US_caregiver,1168804852973176,Silas Dawn Butler,play.google.com,2026-09-06,2026-10-01,True,1,FACEBOOK|INSTAGRAM|AUDIENCE_NETWORK|MESSENGER|THREADS,Next episode
US_caregiver,103816964376829,Nandy Yoga,apps.apple.com,2026-09-11,2026-10-01,True,,FACEBOOK|INSTAGRAM|AUDIENCE_NETWORK|THREADS,"FREE 30-DAY MAKE FAT CRY CHALLENGE!  Just 15 minutes a day - get super motivated in less time and make an incredible impact on your health, body and fitness while having fun getting fitter, leaner, st"
US_caregiver,103816964376829,Nandy Yoga,itunes.apple.com,2026-09-11,2026-10-01,True,,FACEBOOK|INSTAGRAM|AUDIENCE_NETWORK|THREADS,"FREE 30-DAY MAKE FAT CRY CHALLENGE!  Just 15 minutes a day - get super motivated in less time and make an incredible impact on your health, body and fitness while having fun getting fitter, leaner, st"
US_caregiver,101408903006329,Paid.care,fb.me,2026-06-24,2026-10-01,True,1,FACEBOOK|INSTAGRAM|AUDIENCE_NETWORK,{{product.brand}}
US_caregiver,58472496172,Baylor Scott & White Health,bswhealth.com,2026-07-06,2026-10-01,True,1,FACEBOOK|INSTAGRAM|MESSENGER|THREADS,{{product.brand}}
US_caregiver,103816964376829,Nandy Yoga,apps.apple.com,2026-09-11,2026-10-01,True,3,FACEBOOK|INSTAGRAM|AUDIENCE_NETWORK|THREADS,"FREE 30-DAY MAKE FAT CRY CHALLENGE!  Just 15 minutes a day - get super motivated in less time and make an incredible impact on your health, body and fitness while having fun getting fitter, leaner, st"
US_caregiver,160715131231081,Educly AI App,start.educly.app,2026-09-10,2026-10-01,True,4,FACEBOOK|INSTAGRAM|AUDIENCE_NETWORK,"Learn Artificial Intelligence in just 15 minutes a day. With Educly, you can go from beginner to confident AI user in only 28 days."
US_caregiver,1262485993612723,Elisabeth Tennantahz,play.google.com,2026-09-23,2026-10-01,True,1,FACEBOOK|INSTAGRAM|AUDIENCE_NETWORK|THREADS,Continue Watch
US_caregiver,1168804852973176,Silas Dawn Butler,play.google.com,2026-09-07,2026-10-01,True,1,FACEBOOK|INSTAGRAM|AUDIENCE_NETWORK|MESSENGER|THREADS,Continue Watch
US_caregiver,316947991498360,Paid Care - Michigan,fb.me,2026-08-03,2026-10-01,True,1,FACEBOOK|INSTAGRAM|AUDIENCE_NETWORK,{{product.brand}}
US_caregiver,103816964376829,Nandy Yoga,apps.apple.com,2026-09-21,2026-10-01,True,2,FACEBOOK|INSTAGRAM|AUDIENCE_NETWORK|THREADS,"FREE 30-DAY MAKE FAT CRY CHALLENGE!  Just 15 minutes a day - get super motivated in less time and make an incredible impact on your health, body and fitness while having fun getting fitter, leaner, st"
US_caregiver,101408903006329,Paid.care,fb.me,2026-07-13,2026-10-01,True,1,FACEBOOK|INSTAGRAM|AUDIENCE_NETWORK,{{product.brand}}
US_caregiver,103816964376829,Nandy Yoga,itunes.apple.com,2026-09-11,2026-10-01,True,,FACEBOOK|INSTAGRAM|AUDIENCE_NETWORK|THREADS,"FREE 30-DAY MAKE FAT CRY CHALLENGE!  Just 15 minutes a day - get super motivated in less time and make an incredible impact on your health, body and fitness while having fun getting fitter, leaner, st"
US_caregiver,316947991498360,Paid Care - Michigan,fb.me,2026-08-03,2026-10-01,True,1,FACEBOOK|INSTAGRAM|AUDIENCE_NETWORK,{{product.brand}}
US_caregiver,1130527926807180,ProMuse.AI,promuse.ai,2026-09-21,2026-10-01,True,1,FACEBOOK|INSTAGRAM|THREADS,Kick-start your AI journey with ProMuse🚀
US_caregiver,272843886856414,Ona - Home Care Recruitment,app.myonacare.com,2026-07-14,2026-10-01,True,1,FACEBOOK|INSTAGRAM|AUDIENCE_NETWORK|MESSENGER|THREADS,{{product.brand}}
US_caregiver,102630776059354,Adrianne Lentine,getjubileetv.com,2026-09-23,2026-10-01,True,2,FACEBOOK|INSTAGRAM|MESSENGER|THREADS,"When we moved my mom into memory care, one of the hardest things for our family was knowing we couldn’t always be there to see for ourselves that she was okay. Especially at night. 💜  AD | We put @get"
US_caregiver,1261796823685197,Carissa Brittanieuxg,play.google.com,2026-09-07,2026-10-01,True,2,FACEBOOK|INSTAGRAM|AUDIENCE_NETWORK|THREADS,Watch the full story for free now!
US_caregiver,103816964376829,Nandy Yoga,apps.apple.com,2026-09-21,2026-10-01,True,2,FACEBOOK|INSTAGRAM|AUDIENCE_NETWORK|THREADS,"FREE 30-DAY MAKE FAT CRY CHALLENGE!  Just 15 minutes a day - get super motivated in less time and make an incredible impact on your health, body and fitness while having fun getting fitter, leaner, st"
US_caregiver,103816964376829,Nandy Yoga,apps.apple.com,2026-09-21,2026-10-01,True,,FACEBOOK|INSTAGRAM|AUDIENCE_NETWORK|THREADS,"FREE 30-DAY MAKE FAT CRY CHALLENGE!  Just 15 minutes a day - get super motivated in less time and make an incredible impact on your health, body and fitness while having fun getting fitter, leaner, st"
US_caregiver,298139186725904,nashafitter,ari.citizenhealth.com,2026-08-19,2026-10-01,True,1,FACEBOOK|INSTAGRAM|MESSENGER|THREADS,"I know what caregiver burden, the mental load, the million appointments and medical issues and everything else feels like. I too have a child with a severe, rare disease. And I have a solution that I "
US_caregiver,1262485993612723,Elisabeth Tennantahz,play.google.com,2026-09-23,2026-10-01,True,1,FACEBOOK|INSTAGRAM|AUDIENCE_NETWORK|THREADS,Continue Watch
US_caregiver,972305345971945,Sam: Smart Companion for Seniors,shop.withsam.com,2026-08-11,2026-10-01,True,1,FACEBOOK|INSTAGRAM|AUDIENCE_NETWORK|MESSENGER|THREADS,"I quit my job to take care of my mom.  I did not expect the hardest part to be leaving the house for 40 minutes.  😰 I ran out for groceries last Tuesday.  😰😰 Ten minutes in, I called to check on her. "
US_caregiver,659818143885682,FreedomCare - Michigan,go.freedomcare.com,2026-08-31,2026-10-01,True,1,FACEBOOK|INSTAGRAM|AUDIENCE_NETWORK|MESSENGER|THREADS,{{product.brand}}
US_caregiver,103816964376829,Nandy Yoga,apps.apple.com,2026-09-21,2026-10-01,True,1,FACEBOOK|INSTAGRAM|AUDIENCE_NETWORK|THREADS,"FREE 30-DAY MAKE FAT CRY CHALLENGE!  Just 15 minutes a day - get super motivated in less time and make an incredible impact on your health, body and fitness while having fun getting fitter, leaner, st"
US_caregiver,1066697486521955,Nomia HQ ,nomiahq.com,2026-09-15,2026-10-01,True,1,FACEBOOK|INSTAGRAM|AUDIENCE_NETWORK,{{product.brand}}
US_caregiver,362374307558803,Jaqi Clements,www.gvhdnow.com,2026-08-31,2026-10-01,True,1,INSTAGRAM,"#Sponsored I’m partnering with @incyte to share my experience with the Prezerve app, a resource that’s been helpful for us while navigating Kevin’s chronic graft-versus-host disease (GVHD). As his car"
US_caregiver,101408903006329,Paid.care,fb.me,2026-08-03,2026-10-01,True,1,FACEBOOK|INSTAGRAM|AUDIENCE_NETWORK,{{product.brand}}
US_caregiver,103816964376829,Nandy Yoga,apps.apple.com,2026-09-21,2026-10-01,True,2,FACEBOOK|INSTAGRAM|AUDIENCE_NETWORK|THREADS,"FREE 30-DAY MAKE FAT CRY CHALLENGE!  Just 15 minutes a day - get super motivated in less time and make an incredible impact on your health, body and fitness while having fun getting fitter, leaner, st"
US_caregiver,362374307558803,Jaqi Clements,www.gvhdnow.com,2026-08-31,2026-10-01,True,1,INSTAGRAM,
US_caregiver,204915953245292,RAZ Mobility,www.razmobility.com,2026-09-14,2026-10-01,True,3,FACEBOOK|INSTAGRAM,"The RAZ Memory Cell Phone is the world's most senior-friendly phone!  And it's remotely managed by you, the caregiver, from anywhere, with your own smartphone.  No scam calls, no apps and no confusion"
US_caregiver,160715131231081,Educly AI App,start.educly.app,2026-09-20,2026-10-01,True,4,FACEBOOK|INSTAGRAM|AUDIENCE_NETWORK|THREADS,"Learn Artificial Intelligence in just 15 minutes a day. With Educly, you can go from beginner to confident AI user in only 28 days."
US_caregiver,1262485993612723,Elisabeth Tennantahz,play.google.com,2026-09-23,2026-10-01,True,1,FACEBOOK|INSTAGRAM|AUDIENCE_NETWORK|THREADS,Continue Watch
US_caregiver,331483910383974,Nanit,nanit.com,2026-09-23,2026-10-01,True,1,FACEBOOK|INSTAGRAM|MESSENGER,Parents have enough to think about. Choose the only smart baby monitor with a full suite of real-time notifications and centralized activity tracking—all in one app.
US_caregiver,102630776059354,Adrianne Lentine,getjubileetv.com,2026-09-23,2026-10-01,True,2,FACEBOOK|INSTAGRAM|MESSENGER|THREADS,"When we moved my mom into memory care, one of the hardest things for our family was knowing we couldn’t always be there to see for ourselves that she was okay. Especially at night. 💜  AD | We put @get"
US_caregiver,141352332569363,Moms on Call,app.momsoncall.com,2026-08-24,2026-10-01,True,1,FACEBOOK|INSTAGRAM|AUDIENCE_NETWORK|MESSENGER|THREADS,"The guidance you trust, now in your pocket. 📱👶  The NEW Moms on Call app brings expert sleep, feeding & routine support right to your phone. Track, log, learn & stay in sync with your family, all in o"
US_caregiver,298139186725904,annieruokuuur,ari.citizenhealth.com,2026-08-27,2026-10-01,True,1,FACEBOOK|INSTAGRAM|THREADS,"Medication refills are one of those little tasks that stop feeling little when you’re the person responsible for remembering everything.  I forgot this one, which meant another trip, more waiting and "
US_caregiver,1168804852973176,Silas Dawn Butler,play.google.com,2026-09-12,2026-10-01,True,2,FACEBOOK|INSTAGRAM|AUDIENCE_NETWORK|MESSENGER|THREADS,Dramas n Reels
US_caregiver,105755519061410,Caregiver Support Program - Frontier Behavioral Health,eventleaf.com,2026-08-26,2026-10-01,True,,FACEBOOK|INSTAGRAM|AUDIENCE_NETWORK|MESSENGER,"📣 Caregivers — this day is for YOU!  Join us for the 2026 Caregiver Conference, a free day of connection, resources, laughter, and encouragement for caregivers in our community.  🎤 This year’s keynote"
US_caregiver,160715131231081,Educly AI App,start.educly.app,2026-09-19,2026-10-01,True,4,FACEBOOK|INSTAGRAM|AUDIENCE_NETWORK,"Learn Artificial Intelligence in just 15 minutes a day. With Educly, you can go from beginner to confident AI user in only 28 days."
US_caregiver,101408903006329,Paid.care,fb.me,2026-09-03,2026-10-01,True,1,FACEBOOK|INSTAGRAM|AUDIENCE_NETWORK,"Supported by Indiana Medicaid, the Family Caregiver Program provides financial support to family members who live with those they care for.  Paid.care connects you to these benefits so you can focus o"
US_caregiver,474653655969968,"Hero Health, Inc.",herohealth.com,2026-08-31,2026-10-01,True,1,FACEBOOK|INSTAGRAM|MESSENGER,"Feeling overwhelmed by the full-time job of caregiving? Between reminders, schedules, and the constant worry—the mental load is immense. Hero's all-in-one service automatically sorts and dispenses med"
US_caregiver,140018805859164,Hānai Nanny Agency,HanaiNannyAgency.com,2026-07-20,2026-10-01,True,1,FACEBOOK|INSTAGRAM,"Trusting someone new with your keiki is a big deal, so we don't take it lightly. Every Hānai caregiver is background-checked, CPR-certified, and personally interviewed before they ever meet your famil"
US_caregiver,1130527926807180,ProMuse.AI,promuse.ai,2026-09-27,2026-10-01,True,,FACEBOOK|INSTAGRAM|THREADS,Kick-start your AI journey with ProMuse🚀
US_caregiver,298139186725904,Emily Wallace,ari.citizenhealth.com,2026-09-06,2026-10-01,True,1,FACEBOOK|INSTAGRAM|MESSENGER|THREADS,"My son has Angelman Syndrome, and lately we’ve been struggling with his seizures. ❤️  I was recently given the opportunity to try Ari, an AI system created to support people and caregivers living with"
US_caregiver,203518199801614,BrightStar Care Pinellas,www.brightstarcare.com,2026-08-09,2026-10-01,True,1,FACEBOOK|INSTAGRAM,{{product.brand}}
US_caregiver,1203386239727080,EASE Seating Systems,easeseatingsystems.com,2026-06-22,2026-10-01,True,1,FACEBOOK|INSTAGRAM|MESSENGER|THREADS,"I didn't notice it at first. That's the thing nobody warns you about. It doesn't announce itself. There's no sharp pain, no obvious signal.   You just sit — the way you've been sitting for years — and"
US_caregiver,543187968880421,Sahaayak Inc,sahaayak.life,2026-05-20,2026-10-01,True,1,FACEBOOK|INSTAGRAM,{{product.brand}}
US_caregiver,389910280869196,Memoryboard,memoryboard.com,2026-07-20,2026-10-01,True,1,FACEBOOK|INSTAGRAM|AUDIENCE_NETWORK|MESSENGER|THREADS,{{product.brand}}
US_caregiver,362374307558803,Jaqi Clements,www.gvhdnow.com,2026-09-23,2026-10-01,True,1,INSTAGRAM,"#Sponsored I’m partnering with @incyte to share my experience with the Prezerve app, a resource that’s been helpful for us while navigating Kevin’s chronic graft-versus-host disease (GVHD). As his car"
US_caregiver,362374307558803,Jaqi Clements,www.gvhdnow.com,2026-09-23,2026-10-01,True,1,INSTAGRAM,
US_caregiver,204915953245292,RAZ Mobility,www.razmobility.com,2026-09-14,2026-10-01,True,3,FACEBOOK|INSTAGRAM|THREADS,"The RAZ Memory Cell Phone is the world's most senior-friendly phone!  And it's remotely managed by you, the caregiver, from anywhere, with your own smartphone.  No scam calls, no apps and no confusion"
US_caregiver,936155339742858,Griswold Home Care for Northern Virginia West,app.jtmedia.co/griswold-home-care,2026-08-05,2026-10-01,True,1,FACEBOOK|INSTAGRAM,"‼️ CNAs, HHAs & PCAs in Manassas & Surrounding Areas ‼️Looking for a caregiving job that starts fast and fits your schedule?  Griswold Home Care is now hiring compassionate caregivers who want meaning"
US_caregiver,1051369324908195,Caring Village,caringvillage.com,2026-09-08,2026-10-01,True,1,FACEBOOK|INSTAGRAM|AUDIENCE_NETWORK|MESSENGER|WHATSAPP|THREADS,"The family wants to know how things are going.  A care staff member needs the latest plan. And you're trying to keep everyone informed. Caring Village helps bring appointments, tasks, care plans, docu"
US_caregiver,1417537291824671,Van Randall,www.angelsense.com,2026-09-23,2026-10-01,True,2,FACEBOOK|INSTAGRAM,#autism #foryoupage #autismmom #autismparents #specialneedsparents #onthespectrum AngelSense - Protecting Children
US_caregiver,459081167296288,Brello Health US,,2026-09-29,2026-10-01,True,1,FACEBOOK|INSTAGRAM,"What makes Brello different? Comprehensive support for your GLP-1 journey.  If approved, every GLP-1 plan includes:  💙 Supportive private community (15,000+ members)  🧘‍♀️ Hundreds of fitness classes "
US_health,966175593248497,American Health Support Community,shop.pipitea.com,2026-07-18,2026-10-01,True,1,FACEBOOK|INSTAGRAM|AUDIENCE_NETWORK|WHATSAPP|THREADS,My aunt called me a creep for putting a camera in Nana’s living room.  Nana called me practical.  Then the camera caught something worse than a fall.  I need to be clear about one thing before anyone 
US_health,712592875267433,Deanna Silva,play.google.com,2026-07-13,2026-10-01,True,1,FACEBOOK|INSTAGRAM|AUDIENCE_NETWORK|MESSENGER|THREADS,
US_health,102846081056507,Kikoff,plus.kikoff.com,2026-05-26,2026-10-01,True,1,FACEBOOK|INSTAGRAM|MESSENGER|THREADS,{{product.brand}}
US_health,966175593248497,American Health Support Community,shop.pipitea.com,2026-07-18,2026-10-01,True,1,FACEBOOK|INSTAGRAM|AUDIENCE_NETWORK|WHATSAPP|THREADS,My aunt called me a creep for putting a camera in Nana’s living room.  Nana called me practical.  Then the camera caught something worse than a fall.  I need to be clear about one thing before anyone 
US_health,1109569885568797,Wilson Izabel Donavon,play.google.com,2026-05-13,2026-10-01,True,1,FACEBOOK|INSTAGRAM|AUDIENCE_NETWORK|MESSENGER|THREADS,
US_health,1009657292241041,Wilson Vergil Fernanda,play.google.com,2026-06-11,2026-10-01,True,1,FACEBOOK|INSTAGRAM|AUDIENCE_NETWORK|MESSENGER|THREADS,
US_health,117497138610,Walgreens,,2026-09-01,2026-10-01,True,1,FACEBOOK|INSTAGRAM,Back-to-school season can be hard. Scheduling a flu shot to help get protected for it shouldnʼt be. Schedule your whole familyʼs FREE flu shots* in one appointment online or in the app.  *No cost to y
US_health,1622022488076753,melissafromladder,joinladder.com,2026-05-17,2026-10-01,True,1,FACEBOOK|INSTAGRAM,"Strength training engineered to sculpt your curves into an hourglass physique with barbells, dumbbells and machines. This is the app for you! 4.9⭐️ +100K reviews Start your 7-day free trial today! No "
US_health,117497138610,Walgreens,,2026-09-01,2026-10-01,True,4,FACEBOOK|INSTAGRAM,Back-to-school season can be hard. Scheduling a flu shot to help get protected for it shouldnʼt be. Schedule your whole familyʼs FREE flu shots* in one appointment online or in the app.  *No cost to y
US_health,180075259304935,Easynuts,https://www.easynuts.nl/en/expats-video,2024-05-29,2025-10-28,True,1,FACEBOOK|INSTAGRAM,{{product.brand}}
US_health,123368351181305,Zimmerman Reed,zrclaims.com,2026-03-25,2026-10-01,True,1,FACEBOOK|INSTAGRAM|AUDIENCE_NETWORK|MESSENGER|THREADS,Contact us if you worked for an app-based delivery service. You may be able to recover unpaid wages. Click here to learn more.
US_health,102846081056507,Kikoff,plus.kikoff.com,2026-05-11,2026-10-01,True,1,FACEBOOK|INSTAGRAM|MESSENGER|THREADS,{{product.brand}}
US_health,102846081056507,Kikoff,plus.kikoff.com,2026-07-13,2026-10-01,True,,FACEBOOK|INSTAGRAM|MESSENGER|THREADS,{{product.brand}}
US_health,109557191174013,Talkiatry,app.talkiatry.com,2026-09-02,2026-10-01,True,1,FACEBOOK|INSTAGRAM|MESSENGER|THREADS,{{product.brand}}
US_health,311353912066626,Cal AI,itunes.apple.com,2026-04-13,2026-10-01,True,3,FACEBOOK|INSTAGRAM|MESSENGER|THREADS,Track your calories as easy as taking a picture of your food
US_health,102846081056507,Kikoff,plus.kikoff.com,2026-07-20,2026-10-01,True,1,FACEBOOK|INSTAGRAM|MESSENGER|THREADS,{{product.brand}}
US_health,115268254495635,Survivor.io,https://apps.apple.com/us/app/survivor-io/id1528941310,2025-07-04,2026-10-01,True,1,FACEBOOK|INSTAGRAM|AUDIENCE_NETWORK|MESSENGER,🎉 Get your Welcome BONUS 🎉
US_health,103816964376829,Nandy Yoga,itunes.apple.com,2026-01-29,2026-08-19,True,1,FACEBOOK|INSTAGRAM|AUDIENCE_NETWORK|MESSENGER|THREADS,"FREE 30-DAY MAKE FAT CRY CHALLENGE!  Just 15 minutes a day - get super motivated in less time and make an incredible impact on your health, body and fitness while having fun getting fitter, leaner, st"
US_health,104847301722609,Naturelle Nubian,,2026-06-16,2026-10-01,True,1,FACEBOOK|INSTAGRAM|AUDIENCE_NETWORK|WHATSAPP|THREADS,"GLOW TRIO /TRIO ÉCLAT💫 Brightens, hydrates, renews. Éclaircit, hydrate, régénère.  Tous types de peau – All skin types. being_amira  📍Belle Nubian KENYA 🇰🇪  💎 JECCY STORE : +254 703 367249  📍*NAIROBI "
US_health,894764477053667,Dog Health Tips,lumiqourcom.pagedeck.app,2026-05-18,2026-10-01,True,1,FACEBOOK|INSTAGRAM|MESSENGER|THREADS,{{product.brand}}
US_health,1300124196515361,Ally Love - Peloton,itunes.apple.com,2026-09-26,2026-10-01,True,2,FACEBOOK|INSTAGRAM|AUDIENCE_NETWORK|THREADS,"You want to know the secret to my chill? Mango, my personal AI agent, helps me stay on top of my business while keeping my me-time sacred. � Download the @Muse app from Meta to get started.  Businesse"
US_health,259240352606407,DraftKings Casino,play.google.com,2026-08-24,2026-10-01,True,1,FACEBOOK|INSTAGRAM|AUDIENCE_NETWORK|MESSENGER|THREADS,Built for the way you play on the DraftKings Casino app!
US_health,914498608418681,The Daily Vital Check,humehealth.com,2026-06-26,2026-10-01,True,1,FACEBOOK|INSTAGRAM|MESSENGER|THREADS,Hume Band 2.0 is here for people who want more than a smartwatch.  Apple Watch is great for notifications. Oura is known for sleep. Whoop is built around recovery.  Hume Band 2.0 is built to connect t
US_health,781285251745464,Johanna Burton,play.google.com,2026-07-09,2026-10-01,True,1,FACEBOOK|INSTAGRAM|AUDIENCE_NETWORK|MESSENGER|THREADS,Monitor your health daily with ease and get smart insights anytime ❤️
US_health,314298918730028,WHOOP,shop.whoop.com,2026-08-20,2026-10-01,True,1,FACEBOOK|INSTAGRAM|AUDIENCE_NETWORK|MESSENGER|WHATSAPP|THREADS,"Go beyond routine bloodwork with 122+ biomarkers, clinician-reviewed results, and clear next steps on WHOOP."
US_health,781285251745464,Johanna Burton,play.google.com,2026-06-26,2026-10-01,True,2,FACEBOOK|INSTAGRAM|AUDIENCE_NETWORK|MESSENGER|THREADS,Monitor your health daily with ease and get smart insights anytime ❤️
US_health,147766142584533,BodyFast Intermittent Fasting App,itunes.apple.com,2024-09-05,2026-09-30,True,3,FACEBOOK|INSTAGRAM,“Hit your goals with BodyFast” - Apple (2024) “Easy to use for first-time fasters” - Apple “Best fasting apps” - Women’s Health
US_health,781285251745464,Johanna Burton,play.google.com,2026-07-09,2026-10-01,True,1,FACEBOOK|INSTAGRAM|AUDIENCE_NETWORK|MESSENGER|THREADS,Monitor your health daily with ease and get smart insights anytime ❤️
US_health,102846081056507,Kikoff,plus.kikoff.com,2026-06-29,2026-10-01,True,1,FACEBOOK|INSTAGRAM|MESSENGER|THREADS,{{product.brand}}
US_health,966175593248497,American Health Support Community,shop.pipitea.com,2026-07-18,2026-10-01,True,1,FACEBOOK|INSTAGRAM|AUDIENCE_NETWORK|WHATSAPP|THREADS,My aunt called me a creep for putting a camera in Nana’s living room.  Nana called me practical.  Then the camera caught something worse than a fall.  I need to be clear about one thing before anyone 
US_health,259240352606407,DraftKings Casino,play.google.com,2026-08-24,2026-10-01,True,1,FACEBOOK|INSTAGRAM|AUDIENCE_NETWORK|MESSENGER|THREADS,Your favorite slots at your fingertips on the DraftKings Casino app!
US_health,113461401765381,Eskiin,eskiin.com,2026-05-14,2026-10-01,True,2,FACEBOOK|INSTAGRAM|MESSENGER|THREADS,"eskiin will give you your best skin & hair — guaranteed.  The only high-performance filtered showerhead with 2.5x pressure and a 15-stage filtration system that removes chlorine, heavy metals, and oth"
US_health,921095371089243,Al Health Pulse- Heart Rate,app.adjust.com,2026-06-01,2026-10-01,True,1,FACEBOOK|INSTAGRAM|AUDIENCE_NETWORK|MESSENGER|THREADS,"Take control of your health! 🚨🚨🚨 Know Your Risk, Own Your Health! ❤️📊"
US_health,103077415656481,Mr. Make It Happen,nourish.com,2026-07-01,2026-10-01,True,2,FACEBOOK|INSTAGRAM|AUDIENCE_NETWORK|MESSENGER|THREADS,"Healthy meal prep doesn’t have to be sad, dry and boring!  I found out it’s $0 to see a dietitian through  @usenourish signed up, and it changed how I eat. My dietitian taught me to prioritize protein"
US_health,103077415656481,Taylor Tran,nourish.com,2026-08-31,2026-10-01,True,3,FACEBOOK|INSTAGRAM|AUDIENCE_NETWORK|MESSENGER|THREADS,What I eat in a day at my 9-5 after meeting with a @usenourish dietitian!! My registered dietitian helped me make small changes that led to a big impact on my energy throughout the day. Click the link
US_health,103077415656481,Nourish,nourish.com,2026-07-13,2026-10-01,True,4,FACEBOOK|INSTAGRAM|AUDIENCE_NETWORK|MESSENGER|THREADS,{{product.brand}}
US_health,491538774053113,Merachfit.us,merachfit.com,2025-10-31,2026-10-01,True,1,FACEBOOK|INSTAGRAM|AUDIENCE_NETWORK|MESSENGER|THREADS,🚀 Upgrade Your Workout with Merach R26 Magnetic Rowing Machine 🚀 🌟 Smooth Gliding Motion | 16 Resistance Levels | App Connectivity. 🔥 Achieve Studio-Level Training Without Leaving Home. 🕒 Train Smart.
US_health,102655155235928,Tyler Tometich,www.viral-strategies.com,2026-08-06,2026-10-01,True,3,FACEBOOK|INSTAGRAM|AUDIENCE_NETWORK|MESSENGER|THREADS,"Are you tired of your videos getting lost in the endless sea of social media?   🚀 **It's Not Too Late - The Gap is Real, But So is the Solution!**  I've been where you are - overwhelmed by the crowded"
US_health,117497138610,Walgreens,,2026-08-31,2026-10-01,True,4,FACEBOOK|INSTAGRAM,Back-to-school season can be hard. Scheduling a flu shot to help get protected for it shouldnʼt be. Schedule your whole familyʼs FREE flu shots* in one appointment online or in the app.  *No cost to y
US_health,290983137688447,The Fabulous,start.thefabulous.co,2026-08-11,2026-10-01,True,2,FACEBOOK|INSTAGRAM|AUDIENCE_NETWORK|MESSENGER|THREADS,"🤩  Morning can be your favorite part of the day!  ❌  No matter if you wake up at 5am or 10am, you can make your morning productive and pleasant.  🏆 Give Fabulous a try! More than 40,000,000+ members a"
US_health,109557191174013,Talkiatry,app.talkiatry.com,2026-09-02,2026-10-01,True,1,FACEBOOK|INSTAGRAM|MESSENGER|THREADS,{{product.brand}}
US_health,104495721104524,Stardust Period Tracker,itunes.apple.com,2026-07-22,2026-10-01,True,1,FACEBOOK|INSTAGRAM|MESSENGER|THREADS,{{product.brand}}
US_health,459081167296288,Brello Health US,,2026-07-31,2026-10-01,True,1,FACEBOOK|INSTAGRAM|AUDIENCE_NETWORK|MESSENGER|THREADS,{{product.brand}}
US_health,109557191174013,Talkiatry,app.talkiatry.com,2026-09-02,2026-10-01,True,1,FACEBOOK|INSTAGRAM|MESSENGER|THREADS,{{product.brand}}
US_health,1017990781592052,goosbytwins,www.ollie.com,2026-08-18,2026-10-01,True,1,FACEBOOK|INSTAGRAM|MESSENGER|THREADS,"Your dog can't tell you how they're feeling. Ollie can help. 🐾 Health Tracking gives your dog a personalized wellness score: 💜 Snap a pic for instant health insights 🩺 Track digestion, coat, weight & "
US_health,1300124196515361,Ally Love - Peloton,play.google.com,2026-09-25,2026-10-01,True,2,FACEBOOK|INSTAGRAM|AUDIENCE_NETWORK|THREADS,"You want to know the secret to my chill? Mango, my personal AI agent, helps me stay on top of my business while keeping my me-time sacred. � Download the @Muse app from Meta to get started.  Businesse"
US_health,1152669501268130,Daily Health Insights,play.google.com,2026-08-09,2026-10-01,True,7,FACEBOOK|INSTAGRAM|AUDIENCE_NETWORK|MESSENGER|THREADS,Check your blood sugar now
US_health,103399342399857,Amino,itunes.apple.com,2025-11-30,2026-10-01,True,1,FACEBOOK|INSTAGRAM,{{product.brand}}
US_health,753509361172714,Matt Evans,humehealth.com/pages/hume-band,2026-06-05,2026-10-01,True,1,FACEBOOK|INSTAGRAM|MESSENGER|THREADS,"Your wearable should do more than show you charts.  Most trackers tell you how you slept, how active you were, or what your heart rate did yesterday.  But Hume Band 2.0 is built to help you understand"
US_health,19645788576,Pedigree US,ibotta.com,2026-08-07,2026-10-01,True,3,FACEBOOK|INSTAGRAM,{{product.brand}}
US_health,493944877131212,Not Gonna Lie with Kylie Kelce,https://cvs.app.link/cAYYSd01eVb,2026-08-04,2026-10-01,True,1,FACEBOOK|INSTAGRAM|AUDIENCE_NETWORK|WHATSAPP|THREADS,{{product.brand}}
US_health,103077415656481,Nourish,nourish.com,2026-07-13,2026-10-01,True,4,FACEBOOK|INSTAGRAM|AUDIENCE_NETWORK|MESSENGER|THREADS,{{product.brand}}
US_health,862121593652863,Blood Sugar & Blood Pressure,play.google.com,2026-03-26,2026-10-01,True,1,FACEBOOK|INSTAGRAM|AUDIENCE_NETWORK|MESSENGER|THREADS,Monitor your blood sugar
US_health,725566967317172,Flo For Perimenopause,floapp.io,2026-08-31,2026-10-01,True,1,FACEBOOK|INSTAGRAM|AUDIENCE_NETWORK|MESSENGER|THREADS,{{product.brand}}
US_health,1109569885568797,Wilson Izabel Donavon,play.google.com,2026-05-13,2026-10-01,True,1,FACEBOOK|INSTAGRAM|AUDIENCE_NETWORK|MESSENGER|THREADS,
US_health,109557191174013,Talkiatry,app.talkiatry.com,2026-09-02,2026-10-01,True,1,FACEBOOK|INSTAGRAM|MESSENGER|THREADS,{{product.brand}}
US_health,274155629113269,Wellfit treadmill,Wellfittreadmill.com/TM029,2025-11-11,2026-10-01,True,1,FACEBOOK|INSTAGRAM|AUDIENCE_NETWORK|MESSENGER|THREADS,"🖤 Black Friday Starts Early! 🖤👉   Why wait until Black Friday? The unbeatable savings start NOW! Order now to skip shipping delay! If your final price is higher than Black Friday, we'll refund you the"
US_health,109557191174013,Everyday Health,app.talkiatry.com,2026-09-02,2026-10-01,True,1,FACEBOOK|INSTAGRAM|MESSENGER|THREADS,{{product.brand}}
US_health,1189836434215518,LingoSpeak: AI English Tutor,play.google.com,2026-08-29,2026-10-01,True,1,FACEBOOK|INSTAGRAM|AUDIENCE_NETWORK,{{product.brand}}
US_health,123368351181305,Zimmerman Reed,zrclaims.com,2026-03-25,2026-10-01,True,1,FACEBOOK|INSTAGRAM|AUDIENCE_NETWORK|MESSENGER|THREADS,Contact us if you worked for an app-based delivery service. You may be able to recover unpaid wages. Click here to learn more.
US_health,999559203240253,Jack Winston,bepresentapp.com,2026-03-31,2026-10-01,True,5,FACEBOOK|INSTAGRAM|MESSENGER|THREADS,Slash Your Screen Time In Half⚔️  Ever wish you could cut back on phone time? BePresent is here to help.  📵 App Blocking Sessions - Dive into activities without your phone. Our special sessions help y
US_health,908065192384173,Try Halo,tryhaloring.com,2026-06-05,2026-10-01,True,6,FACEBOOK|INSTAGRAM|AUDIENCE_NETWORK|MESSENGER|THREADS,"Health tracking doesn’t have to be complicated.  The Halo Ring 3 focuses on what matters most — sleep insights, stress tracking, oxygen levels, body temperature, activity, and cycle monitoring — all i"
US_health,100548444699593,Faye,withfaye.com,2026-06-10,2026-10-01,True,1,FACEBOOK|INSTAGRAM,“I’m frankly blown away and will never use another travel insurer!” -Renata  🧳✈️🏖️Kick back and relax knowing Faye’s travel coverage & care is there for you with its:  1️⃣ 100% digital app 2️⃣ 24/7 as
US_health,152965544569219,Class Action Legal Notices,cvsdigitalprivacysettlement.com,2026-09-25,2026-10-01,True,,FACEBOOK|INSTAGRAM|AUDIENCE_NETWORK,"Did you access a CVS website such as CVS.com or CVSHealth.com, or use a CVS app, any time before July 27, 2026? A proposed class action settlement may affect your rights, and entitle you to benefits a"
US_health,921095371089243,Al Health Pulse- Heart Rate,app.adjust.com,2026-05-07,2026-10-01,True,1,FACEBOOK|INSTAGRAM|AUDIENCE_NETWORK|MESSENGER|THREADS,🚨High Blood Pressure Alert! 🚨 🚨High Blood Sugar Alert! 🚨 Things that 90% of people don't know
US_health,109557191174013,Talkiatry,app.talkiatry.com,2026-09-02,2026-10-01,True,1,FACEBOOK|INSTAGRAM|MESSENGER|THREADS,{{product.brand}}
US_health,490220698147903,Planta,getplanta.com,2026-05-29,2026-10-01,True,1,FACEBOOK|INSTAGRAM|AUDIENCE_NETWORK|MESSENGER|THREADS,"Most people kill their plants by guessing. Get clear, personalized care reminders and schedules with Planta. 🌱  🏆 The #1 Plant Care App"
US_health,388775931236389,Natural Cycles,naturalcycles.com,2026-08-25,2026-10-01,True,2,FACEBOOK|INSTAGRAM|AUDIENCE_NETWORK|MESSENGER|THREADS,"Hormone-free birth control + advanced cycle insights, all in one app. Meet the world's first FDA-cleared birth control app. A whole new category of birth control — The Natural Cycles algorithm analyze"
US_health,1786512254829006,Whisker,whisker.com,2026-07-06,2026-10-01,True,2,FACEBOOK|INSTAGRAM|MESSENGER|THREADS,{{product.brand}}
US_health,966175593248497,American Health Support Community,shop.pipitea.com,2026-07-08,2026-10-01,True,1,FACEBOOK|INSTAGRAM|AUDIENCE_NETWORK|WHATSAPP|THREADS,My husband left me 12 weeks ago.  I'd spent 4 years doing everything doctors told me to manage IBS and stop the severe bloating that arrived every afternoon.  I woke up with a stomach that looked and 
US_telehealth,103077415656481,Nourish,nourish.com,2026-07-06,2026-10-01,True,,FACEBOOK|INSTAGRAM|AUDIENCE_NETWORK|MESSENGER|THREADS,{{product.brand}}
US_telehealth,1386524544721475,Affiliate Grand Slam,affiliategrandslam.com,2026-09-30,2026-10-01,True,1,FACEBOOK|INSTAGRAM|AUDIENCE_NETWORK|THREADS,"""Why limit yourself to a single niche when the biggest opportunities in performance marketing span multiple verticals?  Affiliate Grand Slam (AGS) brings the industry together in one summit. Connect w"
US_telehealth,58472496172,Baylor Scott & White Health,bswhealth.com,2026-07-06,2026-10-01,True,1,FACEBOOK|INSTAGRAM|MESSENGER|THREADS,{{product.brand}}
US_telehealth,601362603059149,Elara,,2026-08-19,2026-10-01,True,1,FACEBOOK|INSTAGRAM|AUDIENCE_NETWORK|WHATSAPP|THREADS,"Get a month of GLP-1 treatment free and start your journey with real medical support.  Elara combines licensed providers, personalized guidance, and an all-in-one app to help you stay consistent.  See"
US_telehealth,104323619053643,Deborah Rustad,spnutrition-us.com,2026-08-14,2026-10-01,True,1,FACEBOOK|INSTAGRAM|AUDIENCE_NETWORK|MESSENGER|THREADS,My sister and I started GLP-1 shots the same week. She lost 30 pounds. I lost 2. It took me four months to find out why.  My sister Dana and I did our first injections together over FaceTime.  Same me
US_telehealth,253153344786399,Walk In Urgent Care,walkinurgentcare.com,2026-07-17,2026-10-01,True,1,FACEBOOK|INSTAGRAM|AUDIENCE_NETWORK|MESSENGER|WHATSAPP|THREADS,"Your phone can already order dinner, call a ride, and pay your rent. Now it can see a healthcare provider.  $49 telehealth. Most insurances accepted. Download “Walk In Urgent Care” on the App Store or"
US_telehealth,107392180854877,Sunnyside Med,,2026-09-16,2026-10-01,True,4,FACEBOOK|INSTAGRAM|AUDIENCE_NETWORK|MESSENGER|THREADS,You don’t have to “hit rock bottom” to take medication for alcohol. More and more people are using it as a proactive part of a healthier lifestyle. Learn about compounded naltrexone from Sunnyside Med
US_telehealth,102153344906030,Hammy & Olivia,fuzzy.com,2022-06-28,2022-07-28,True,1,FACEBOOK|INSTAGRAM|AUDIENCE_NETWORK|MESSENGER,"We're living in 2056 when a licensed vet can fit in your pocket.   Whether it's a sprain, illness...or eating a cookbook... @yourfuzzy is able to get you connected in moments. It's there when you need"
US_telehealth,601362603059149,Elara,,2026-08-19,2026-10-01,True,1,FACEBOOK|INSTAGRAM|AUDIENCE_NETWORK|WHATSAPP|THREADS,"Get a month of GLP-1 treatment free and start your journey with real medical support.  Elara combines licensed providers, personalized guidance, and an all-in-one app to help you stay consistent.  See"
US_telehealth,58472496172,Baylor Scott & White Health,bswhealth.com,2026-07-06,2026-10-01,True,1,FACEBOOK|INSTAGRAM|MESSENGER|THREADS,{{product.brand}}
US_telehealth,651550854708523,LiveWell Vancouver,forms.zohopublic.com,2026-04-13,2026-10-01,True,1,FACEBOOK|INSTAGRAM|AUDIENCE_NETWORK|MESSENGER|WHATSAPP|THREADS,"Men deserve care that actually gets them. LiveWell offers expert psychiatry for men, focused on mental health, confidence, and real results. 💪   Insurance accepted."
US_telehealth,327360004443738,Tobys.GSD.Life,smalldoorvet.typeform.com,2026-08-24,2026-10-01,True,9,FACEBOOK|INSTAGRAM,"DOG VLOG GRWM: Vet Edition 🐾  A quick brush, fluff out the chest hairs, a little spritz of perfume, and Toby is officially ready to go to Small Door Veterinary!   If you didn’t know, Toby is kind of a"
US_telehealth,111194895184174,Something To Crow About Health Clinic,,2026-08-14,2026-09-30,True,,FACEBOOK|INSTAGRAM|AUDIENCE_NETWORK|WHATSAPP|THREADS,"𝐓𝐡𝐢𝐬 𝐈𝐬 𝐖𝐡𝐲 𝐖𝐞’𝐫𝐞 𝐃𝐢𝐟𝐟𝐞𝐫𝐞𝐧𝐭   Most weight loss programs focus on the scale. Ours focuses on your entire body.  At 𝐒𝐨𝐦𝐞𝐭𝐡𝐢𝐧𝐠 𝐭𝐨 𝐂𝐫𝐨𝐰 𝐀𝐛𝐨𝐮𝐭, medical weight loss is never one-size-fits-all. We combine ad"
US_telehealth,327360004443738,Small Door Veterinary,smalldoorvet.typeform.com,2026-09-16,2026-10-01,True,3,FACEBOOK|INSTAGRAM,"Vet care so good, you'll ask if we take humans😉  ✓ Gold-standard medical care ✓ Same or next day appointments  ✓ 24/7 Telehealth via the Small Door app ✓ Annual membership or pay as you go flexibility"
US_telehealth,327360004443738,Small Door Veterinary,smalldoorvet.com/dmv,2026-09-16,2026-10-01,True,3,FACEBOOK|INSTAGRAM,"🐾Thousands of pet parents are switching to Small Door Vet across the DMV. Our unique membership sets us apart — your annual exam is covered, 24/7 telehealth is included, and you'll always get in when "
US_telehealth,104323619053643,Deborah Rustad,spnutrition-us.com,2026-08-14,2026-09-27,True,1,FACEBOOK|INSTAGRAM|AUDIENCE_NETWORK|MESSENGER|THREADS,My sister and I started GLP-1 shots the same week. She lost 30 pounds. I lost 2. It took me four months to find out why.  My sister Dana and I did our first injections together over FaceTime.  Same me
US_telehealth,428312257036400,Cal,www.doctronic.ai,2026-09-03,2026-10-01,True,4,FACEBOOK|INSTAGRAM|MESSENGER|WHATSAPP|THREADS,"i jinxed myself with my wifi name: it hurts when IP  🫪👉🏼👈🏼 so i used my handy dandy @doctronicai app, described my symptoms, got answers in minutes, did a lil telehealth visit for $39, & got my prescr"
US_telehealth,601362603059149,Elara,,2026-08-19,2026-10-01,True,1,FACEBOOK|INSTAGRAM|AUDIENCE_NETWORK|WHATSAPP|THREADS,"Get a month of GLP-1 treatment free and start your journey with real medical support.  Elara combines licensed providers, personalized guidance, and an all-in-one app to help you stay consistent.  See"
US_telehealth,139482975921165,"Diabetes and Nutrition Partners, LLC",www.diabetesandnutritionpartners.com,2026-05-18,2026-10-01,True,1,FACEBOOK|INSTAGRAM|AUDIENCE_NETWORK,{{product.brand}}
US_telehealth,253153344786399,Walk In Urgent Care,walkinurgentcare.com,2026-09-08,2026-10-01,True,2,FACEBOOK|INSTAGRAM|AUDIENCE_NETWORK|MESSENGER|THREADS,"Real care from your couch. 🛋️💙 From sinus infections to allergies, we’ve got you covered — download the app and get seen today. #walkinurgentcare #telehealth"
US_telehealth,233105253228137,Her Way Health + Hormones,,2026-07-27,2026-10-01,True,1,FACEBOOK|INSTAGRAM|AUDIENCE_NETWORK|THREADS,"Her Way Health + Hormones is women's health, done the way it should have been all along.  An all-female clinic in Carlsbad where your hormones, your skin, and your confidence are treated as parts of t"
US_telehealth,572838605915966,Scr1ptful US,,2026-06-29,2026-10-01,True,,FACEBOOK|INSTAGRAM|AUDIENCE_NETWORK|MESSENGER|THREADS,"You don't need a medical license to offer GLP-1s and peptides at your med spa, you just need Scriptful.  Your clients are already asking ""do you guys offer GLP-1s?"", and the spas growing fastest are t"
US_telehealth,601362603059149,Elara,,2026-09-01,2026-10-01,True,1,FACEBOOK|INSTAGRAM|AUDIENCE_NETWORK|MESSENGER|WHATSAPP|THREADS,"Get a month of GLP-1 treatment free and start your journey with real medical support.  Elara combines licensed providers, personalized guidance, and an all-in-one app to help you stay consistent.  See"
US_telehealth,411454812050550,Commure Scribe,getscribe.commure.com/,2026-09-28,2026-10-01,True,1,FACEBOOK|INSTAGRAM,{{product.brand}}
US_telehealth,1100867579787534,ReShape Wellness & Longevity Center,,2026-08-26,2026-10-01,True,1,FACEBOOK|INSTAGRAM|AUDIENCE_NETWORK,"Hey Charlotte, if you've tried diets, apps, or even GLP-1 meds from an online clinic and gained every pound back... you're not alone. And it's not your fault.  At ReShape Wellness & Longevity Center, "
US_telehealth,233105253228137,Her Way Health + Hormones,,2026-07-27,2026-10-01,True,1,FACEBOOK|INSTAGRAM|AUDIENCE_NETWORK|THREADS,"Her Way Health + Hormones is women's health, done the way it should have been all along.  An all-female clinic in Carlsbad where your hormones, your skin, and your confidence are treated as parts of t"
US_telehealth,222107628698987,"Anchoring Hope Counseling, LLC",ahchope.com,2026-03-30,2026-10-01,True,1,FACEBOOK|INSTAGRAM,"At Anchoring Hope Counseling, our goal is simple: to make quality mental health care accessible, compassionate, and convenient for the communities we serve.  We offer both therapy and mental health me"
US_telehealth,104323619053643,Deborah Rustad,spnutrition-us.com,2026-08-31,2026-10-01,True,1,FACEBOOK|INSTAGRAM|AUDIENCE_NETWORK|MESSENGER|THREADS,My sister and I started GLP-1 shots the same week. She lost 30 pounds. I lost 2. It took me four months to find out why.  My sister Dana and I did our first injections together over FaceTime.  Same me
US_telehealth,428312257036400,Cal,www.doctronic.ai,2026-09-03,2026-10-01,True,4,FACEBOOK|INSTAGRAM|MESSENGER|WHATSAPP|THREADS,"i jinxed myself with my wifi name: it hurts when IP  🫪👉🏼👈🏼 so i used my handy dandy @doctronicai app, described my symptoms, got answers in minutes, did a lil telehealth visit for $39, & got my prescr"
US_telehealth,958335574031120,Lingualinq,lingualinq.ai,2026-04-30,2026-10-01,True,1,FACEBOOK|INSTAGRAM|AUDIENCE_NETWORK|MESSENGER,"🏥 Do you treat patients who speak a different language? No interpreter needed. LinguaLinQ.ai translates your consultations in real time — on desktop for telehealth, on mobile for in-person visits. Jus"
US_telehealth,327360004443738,Leia from Boston,www.smalldoorvet.com,2026-09-14,2026-10-01,True,9,FACEBOOK|INSTAGRAM,Welcome to Leia's new favorite spot!   Leia recently had her first wellness check up with Small Door Veterinary and we had the best experience. From the ease of booking the appointment through their a
US_telehealth,327360004443738,Small Door Veterinary,smalldoorvet.typeform.com,2026-09-16,2026-10-01,True,1,FACEBOOK|INSTAGRAM,"Vet care so good, you'll ask if we take humans😉  ✓ Gold-standard medical care ✓ Same or next day appointments  ✓ 24/7 Telehealth via the Small Door app ✓ Annual membership or pay as you go flexibility"
US_telehealth,253153344786399,Walk In Urgent Care,walkinurgentcare.com,2026-09-16,2026-10-01,True,1,FACEBOOK|INSTAGRAM|AUDIENCE_NETWORK|THREADS,"Skip the wait. Sign up in seconds and get quality care, anywhere you are. 📱💙 #walkinurgentcare #telehealth #qualitycare #downloadtheapp"
US_telehealth,253153344786399,Walk In Urgent Care,walkinurgentcare.com,2026-09-09,2026-10-01,True,2,FACEBOOK|INSTAGRAM|AUDIENCE_NETWORK|MESSENGER|WHATSAPP|THREADS,"Real care from your couch. 🛋️💙 From sinus infections to allergies, we’ve got you covered — download the app and get seen today. #walkinurgentcare #telehealth"
US_telehealth,181518155040187,Optima Tyler,,2026-09-18,2026-10-01,True,1,FACEBOOK|INSTAGRAM,"💪 The stronger option, one simple price.  Tirzepatide is the dual-action weight loss injection — it targets hunger two ways for results semaglutide can't always reach.  $349 for the full 10-week progr"
US_telehealth,103880247791541,Mindbloom,,2026-07-28,2026-10-01,True,1,FACEBOOK|INSTAGRAM|MESSENGER,{{product.brand}}
US_telehealth,539227915950887,MeAgain App,meagain.com,2026-08-13,2026-10-01,True,1,FACEBOOK|INSTAGRAM,{{product.brand}}
US_telehealth,233105253228137,Her Way Health + Hormones,,2026-08-24,2026-10-01,True,1,FACEBOOK|INSTAGRAM|AUDIENCE_NETWORK|THREADS,"Her Way Health + Hormones is women's health, done the way it should have been all along.  An all-female clinic in Carlsbad where your hormones, your skin, and your confidence are treated as parts of t"
US_telehealth,104323619053643,Deborah Rustad,spnutrition-us.com,2026-08-14,2026-09-23,True,1,FACEBOOK|INSTAGRAM|AUDIENCE_NETWORK|MESSENGER|THREADS,My sister and I started GLP-1 shots the same week. She lost 30 pounds. I lost 2. It took me four months to find out why.  My sister Dana and I did our first injections together over FaceTime.  Same me
US_telehealth,461715733697216,Gameday Men's Health,,2026-07-02,2026-10-01,True,2,FACEBOOK|INSTAGRAM|AUDIENCE_NETWORK,"Unlock Your Full Potential! 🔑 Testosterone Replacement Therapy can help you regain your energy, improve mood and strength. Book your Complimentary testosterone replacement therapy consultation at our "
US_telehealth,233105253228137,Her Way Health + Hormones,,2026-07-27,2026-10-01,True,1,FACEBOOK|INSTAGRAM|AUDIENCE_NETWORK|THREADS,"Her Way Health + Hormones is women's health, done the way it should have been all along.  An all-female clinic in Carlsbad where your hormones, your skin, and your confidence are treated as parts of t"
US_telehealth,327360004443738,Leia from Boston,www.smalldoorvet.com,2026-09-14,2026-10-01,True,9,FACEBOOK|INSTAGRAM,Welcome to Leia's new favorite spot!   Leia recently had her first wellness check up with Small Door Veterinary and we had the best experience. From the ease of booking the appointment through their a
US_telehealth,428312257036400,Cal,www.doctronic.ai,2026-09-03,2026-10-01,True,4,FACEBOOK|INSTAGRAM|MESSENGER|WHATSAPP|THREADS,"i jinxed myself with my wifi name: it hurts when IP  🫪👉🏼👈🏼 so i used my handy dandy @doctronicai app, described my symptoms, got answers in minutes, did a lil telehealth visit for $39, & got my prescr"
US_telehealth,327360004443738,Tobys.GSD.Life,smalldoorvet.typeform.com,2026-09-09,2026-10-01,True,9,FACEBOOK|INSTAGRAM,"DOG VLOG GRWM: Vet Edition 🐾  A quick brush, fluff out the chest hairs, a little spritz of perfume, and Toby is officially ready to go to Small Door Veterinary!   If you didn’t know, Toby is kind of a"
US_telehealth,601362603059149,Elara,,2026-08-19,2026-10-01,True,1,FACEBOOK|INSTAGRAM|AUDIENCE_NETWORK|WHATSAPP|THREADS,"Get a month of GLP-1 treatment free and start your journey with real medical support.  Elara combines licensed providers, personalized guidance, and an all-in-one app to help you stay consistent.  See"
US_telehealth,327360004443738,Small Door Veterinary,smalldoorvet.com/boston/burlington,2026-08-28,2026-10-01,True,2,FACEBOOK|INSTAGRAM|THREADS,🐶🐱 Burlington pet parents - your new vet is almost here. Join as a Founding Member before we open this fall and your first year's on us - a $149 value!  Membership perks include: ✅ Free exam every yea
US_telehealth,327360004443738,Small Door Veterinary,smalldoorvet.com/dmv,2026-09-22,2026-10-01,True,3,FACEBOOK|INSTAGRAM|THREADS,"🐾Thousands of pet parents are switching to Small Door Vet across the DMV. Our unique membership sets us apart — your annual exam is covered, 24/7 telehealth is included, and you'll always get in when "
US_telehealth,327360004443738,Small Door Veterinary,smalldoorvet.com/dmv,2026-09-25,2026-10-01,True,,FACEBOOK|INSTAGRAM|THREADS,"🐾Thousands of pet parents are switching to Small Door Vet across the DMV. Our unique membership sets us apart — your annual exam is covered, 24/7 telehealth is included, and you'll always get in when "
US_telehealth,327360004443738,Small Door Veterinary,smalldoorvet.com/boston/burlington,2026-09-15,2026-10-01,True,2,FACEBOOK|INSTAGRAM|THREADS,🐶🐱 Burlington pet parents - your new vet is almost here. Join as a Founding Member before we open this fall and your first year's on us - a $149 value!  Membership perks include: ✅ Free exam every yea
US_telehealth,601362603059149,Elara,,2026-08-19,2026-10-01,True,1,FACEBOOK|INSTAGRAM|AUDIENCE_NETWORK|WHATSAPP|THREADS,"Get a month of GLP-1 treatment free and start your journey with real medical support.  Elara combines licensed providers, personalized guidance, and an all-in-one app to help you stay consistent.  See"
US_telehealth,428312257036400,Cal,www.doctronic.ai,2026-09-16,2026-10-01,True,4,FACEBOOK|INSTAGRAM|WHATSAPP|THREADS,"i jinxed myself with my wifi name: it hurts when IP  🫪👉🏼👈🏼 so i used my handy dandy @doctronicai app, described my symptoms, got answers in minutes, did a lil telehealth visit for $39, & got my prescr"
US_telehealth,524227364115372,Gameday Men's Health,,2026-09-03,2026-10-01,True,1,FACEBOOK|INSTAGRAM|AUDIENCE_NETWORK|MESSENGER|WHATSAPP|THREADS,ATTENTION Southfield Area Men  We're offering a 𝑪𝒐𝒎𝒑𝒍𝒊𝒎𝒆𝒏𝒕𝒂𝒓𝒚 Testosterone Consultation & Labs this month only to promote Men's Health! ($189 Value)  Our programs may help: ✔️Increase Energy Levels ✔️
US_telehealth,112936925459222,Noom,,2026-09-29,2026-10-01,True,2,FACEBOOK|INSTAGRAM,"GLP-1 medication can help begin a weight-loss journey, but building healthier habits is what helps support lasting progress. The Noom GLP-1 Program combines medication with behavioral science, coachin"
US_telehealth,112936925459222,Noom,,2026-09-29,2026-10-01,True,,FACEBOOK|INSTAGRAM,"GLP-1 medication can help begin a weight-loss journey, but building healthier habits is what helps support lasting progress. The Noom GLP-1 Program combines medication with behavioral science, coachin"
US_telehealth,643237695544463,The Roosevelt Center MA,WhatsApp,2026-08-21,2026-10-01,True,1,INSTAGRAM,"Procurando tratamento online para TDAH que aceita plano de saúde? 🧠 A Unitas Healthcare Systems oferece tratamento para TDAH e cuidados psiquiátricos, com opções de atendimento por telemedicina. Aceit"
US_telehealth,327360004443738,Small Door Veterinary,smalldoorvet.com/nyc,2026-09-25,2026-10-01,True,2,FACEBOOK|INSTAGRAM|THREADS,"🐾Thousands of pet parents are switching to Small Door Vet across NYC. Our unique membership sets us apart — your annual exam is covered, 24/7 telehealth is included, and you'll always get in when you "
US_telehealth,601362603059149,Elara,,2026-08-19,2026-10-01,True,1,FACEBOOK|INSTAGRAM|AUDIENCE_NETWORK|WHATSAPP|THREADS,"Get a month of GLP-1 treatment free and start your journey with real medical support.  Elara combines licensed providers, personalized guidance, and an all-in-one app to help you stay consistent.  See"
US_telehealth,1355270864328717,_medhealing,WhatsApp,2026-09-25,2026-10-01,True,1,INSTAGRAM,"Flu season is around the corner 🤧🍂 🤒 — and when you’re not feeling your best, the last thing you want to do is leave home.  With Med Healing, you can connect with a physician virtually and get the car"
US_telehealth,327360004443738,Small Door Veterinary,smalldoorvet.typeform.com,2026-09-22,2026-10-01,True,3,FACEBOOK|INSTAGRAM|THREADS,"Vet care so good, you'll ask if we take humans😉  ✓ Gold-standard medical care ✓ Same or next day appointments  ✓ 24/7 Telehealth via the Small Door app ✓ Annual membership or pay as you go flexibility"
US_telehealth,727574873783210,Everyday Discoveries,elehear.com,2026-08-05,2026-10-01,True,2,FACEBOOK|INSTAGRAM|MESSENGER|THREADS,{{product.brand}}
US_telehealth,612544365280009,Companion Energy,,2026-09-29,2026-10-01,True,2,FACEBOOK|INSTAGRAM,"Stop Googling. Get peace of mind by asking a vet anything, anytime, anywhere.  Having Airvet included with your energy plan is one of the added benefits of joining Companion Energy!  #CompanionEnergy "
US_telehealth,109528610412934,Readysetconnect,https://readysetconnect.com/,2026-06-10,2026-10-01,True,1,FACEBOOK|INSTAGRAM|AUDIENCE_NETWORK,{{product.brand}}
US_telehealth,108863338972366,Las Villas Health Care,,2026-09-15,2026-10-01,True,1,FACEBOOK|INSTAGRAM|AUDIENCE_NETWORK|WHATSAPP,"A more convenient approach to medically guided weight management starts online.  Villas Health gives eligible adults access to licensed healthcare providers who review their medical information, deter"
US_telehealth,327360004443738,Small Door Veterinary,smalldoorvet.com/boston/burlington,2026-08-28,2026-10-01,True,2,FACEBOOK|INSTAGRAM|THREADS,🐶🐱 Burlington pet parents - your new vet is almost here. Join as a Founding Member before we open this fall and your first year's on us - a $149 value!  Membership perks include: ✅ Free exam every yea
US_telehealth,327360004443738,Small Door Veterinary,smalldoorvet.com/boston/burlington,2026-08-28,2026-10-01,True,2,FACEBOOK|INSTAGRAM|THREADS,🐶🐱 Burlington pet parents - your new vet is almost here. Join as a Founding Member before we open this fall and your first year's on us - a $149 value!  Membership perks include: ✅ Free exam every yea
US_telehealth,327360004443738,Small Door Veterinary,smalldoorvet.com/boston/burlington,2026-08-28,2026-10-01,True,,FACEBOOK|INSTAGRAM|THREADS,🐶🐱 Burlington pet parents - your new vet is almost here. Join as a Founding Member before we open this fall and your first year's on us - a $149 value!  Membership perks include: ✅ Free exam every yea
US_telehealth,601362603059149,Elara,,2026-09-01,2026-10-01,True,1,FACEBOOK|INSTAGRAM|AUDIENCE_NETWORK|MESSENGER|WHATSAPP|THREADS,"Get a month of GLP-1 treatment free and start your journey with real medical support.  Elara combines licensed providers, personalized guidance, and an all-in-one app to help you stay consistent.  See"
US_telehealth,327360004443738,Small Door Veterinary,smalldoorvet.com/nyc,2026-09-29,2026-10-01,True,2,FACEBOOK|INSTAGRAM|THREADS,"🐾Thousands of pet parents are switching to Small Door Vet across NYC. Our unique membership sets us apart — your annual exam is covered, 24/7 telehealth is included, and you'll always get in when you "
US_telehealth,103880247791541,Mindbloom,,2026-07-28,2026-09-30,True,1,FACEBOOK|INSTAGRAM|MESSENGER,{{product.brand}}
US_telehealth,234934593037345,Rejuveen,rejuveen.com,2026-09-28,2026-10-01,True,,FACEBOOK|INSTAGRAM|WHATSAPP|THREADS,"When men can't get it up after drinking, there's Viagra. When women get BV after wine? They get gaslit.  I know because it happened in my own house. The same week.  Saturday was my brother-in-law’s 50"
h_citizen,298139186725904,Danon Foundation,ari.citizenhealth.com,2026-09-25,2026-10-01,True,1,FACEBOOK|INSTAGRAM|THREADS,"The Danon Foundation is partnering with Citizen Health to give patients and families AI-powered tools for navigating care, while building the real-world evidence needed to deepen understanding of Dano"
h_citizen,298139186725904,Citizen Health,ari.citizenhealth.com,2026-09-25,2026-10-01,True,1,FACEBOOK|INSTAGRAM|MESSENGER|THREADS,"Rare disease moms don’t get a pause button. 💛  Our Changemaker Emily sat down with founder Nasha Fitter to talk about what caring for her son Griffen really looks like, and how Ari fits into her day. "
h_citizen,298139186725904,Special Needs Supermoms,ari.citizenhealth.com,2026-09-25,2026-10-01,True,1,FACEBOOK|INSTAGRAM|THREADS,"I became a mom and somehow ended up with eight job titles and no lunch break. 😂  Researcher. Nurse. Therapist. Chauffeur. Advocate. The hats keep coming.  And behind every hat is another appointment, "
h_citizen,298139186725904,Citizen Health,ari.citizenhealth.com,2026-09-25,2026-09-29,True,1,FACEBOOK|INSTAGRAM|THREADS,"I’ve been using Ari with my daughter’s epilepsy and the thing I keep telling people is: I just talk to my phone. No forms. No notebook I forget to fill in. I say what happened, and it’s captured.  Wha"
h_citizen,298139186725904,Citizen Health,ari.citizenhealth.com,2026-09-21,2026-10-01,True,1,FACEBOOK|INSTAGRAM|THREADS,"Ari is an AI teammate for epilepsy and rare disease families. You talk to your phone and it handles the rest. Tracks seizures, meds, and symptoms  Spots patterns before you do.  Manages your MyChart p"
h_citizen,298139186725904,epi_epiphany_,ari.citizenhealth.com,2026-09-21,2026-10-01,True,1,FACEBOOK|INSTAGRAM|THREADS,"Link to Ari, Citizen Health’s AI teammate in bio https://ari.citizenhealth.com/?code=KATHLEAHY @citizen.health @kathleencleahy @dallasthepodcast #Epilepsy #juvenileabsenceepilepsy #FOXG1 #EpiEpiphany "
h_citizen,298139186725904,Citizen Health,ari.citizenhealth.com/,2026-09-08,2026-10-01,True,1,FACEBOOK|INSTAGRAM|MESSENGER|THREADS,"📲 www.citizen.health/share  💜🔬If your family is affected by Childhood Absence Epilepsy (CAE) or Juvenile Absence Epilepsy (JAE), you can help move research forward into what causes these conditions, h"
h_citizen,298139186725904,Emily Wallace,ari.citizenhealth.com,2026-09-06,2026-10-01,True,1,FACEBOOK|INSTAGRAM|MESSENGER|THREADS,"My son has Angelman Syndrome, and lately we’ve been struggling with his seizures. ❤️  I was recently given the opportunity to try Ari, an AI system created to support people and caregivers living with"
h_citizen,298139186725904,Citizen Health,ari.citizenhealth.com/,2026-09-06,2026-09-30,True,1,FACEBOOK|INSTAGRAM|MESSENGER|THREADS,"📲 www.citizen.health/share  💜🔬If your family is affected by Childhood Absence Epilepsy (CAE) or Juvenile Absence Epilepsy (JAE), you can help move research forward into what causes these conditions, h"
h_citizen,298139186725904,Citizen Health,ari.citizenhealth.com/,2026-09-06,2026-10-01,True,1,FACEBOOK|INSTAGRAM|MESSENGER|THREADS,"📲 www.citizen.health/share  💜🔬If your family is affected by Childhood Absence Epilepsy (CAE) or Juvenile Absence Epilepsy (JAE), you can help move research forward into what causes these conditions, h"
h_citizen,298139186725904,annieruokuuur,ari.citizenhealth.com,2026-09-03,2026-10-01,True,1,FACEBOOK|INSTAGRAM|THREADS,"And to think all of these moments back to back, I was carrying not only the weight of them but every little detail so that my girl & the clinical teams stayed up to date on her care. 🥵  These little m"
h_citizen,298139186725904,thejoyinourjourney,ari.citizenhealth.com,2026-09-03,2026-10-01,True,1,FACEBOOK|INSTAGRAM|THREADS,"If you’re a caregiver constantly trying to keep track of medical records, appointments, and everything in between… you need to know about this. 🥹❤️  I’m SO excited to share Ari by Citizen Health with "
h_citizen,298139186725904,annieruokuuur,ari.citizenhealth.com,2026-09-01,2026-09-26,True,1,FACEBOOK|INSTAGRAM|THREADS,I talk often about diagnosis day feeling very much like being dropped in the middle of the field with no paved path before you..   It’s something you immediately have to learn how to navigate & create
h_citizen,298139186725904,IDefine,ari.citizenhealth.com,2026-08-31,2026-10-01,True,1,FACEBOOK|INSTAGRAM|MESSENGER|THREADS,"When sleepless nights become part of your routine, it's easy for important details to get lost along the way. In this video, our co-founder and CEO, Geoff Rhyne, shares how Ari – the latest AI health "
h_citizen,298139186725904,Emily Wallace,ari.citizenhealth.com,2026-08-31,2026-10-01,True,1,FACEBOOK|INSTAGRAM|MESSENGER|THREADS,"As a mom of a child with a rare disease, I know how overwhelming it can be to keep track of everything. ❤️  Citizen Health’s Ari system has been incredibly helpful for managing Griffin’s Angelman synd"
h_citizen,298139186725904,thejoyinourjourney,ari.citizenhealth.com,2026-08-27,2026-10-01,True,1,FACEBOOK|INSTAGRAM|THREADS,"A little less to carry means more than people realize. 🤍  Ari has been helping me keep up with appointments, reminders, medical information and all the little things that come with this journey. It’s "
h_citizen,298139186725904,annieruokuuur,ari.citizenhealth.com,2026-08-27,2026-10-01,True,1,FACEBOOK|INSTAGRAM|THREADS,"Medication refills are one of those little tasks that stop feeling little when you’re the person responsible for remembering everything.  I forgot this one, which meant another trip, more waiting and "
h_citizen,298139186725904,The Sumaira Foundation,ari.citizenhealth.com,2026-08-27,2026-10-01,True,1,FACEBOOK|INSTAGRAM|THREADS,"Meet Ari, Citizen Health's AI-powered rare disease companion designed to help you and your loved ones navigate your #raredisease journey with information, resources, tools and support... all in one pl"
h_citizen,298139186725904,Emily Wallace,ari.citizenhealth.com,2026-08-25,2026-10-01,True,1,FACEBOOK|INSTAGRAM|MESSENGER|THREADS,"My son has Angelman Syndrome, and lately we’ve been struggling with his seizures. ❤️  I was recently given the opportunity to try Ari, an AI system created to support people and caregivers living with"
h_citizen,298139186725904,nashafitter,ari.citizenhealth.com,2026-08-19,2026-10-01,True,1,FACEBOOK|INSTAGRAM|MESSENGER|THREADS,"I know what caregiver burden, the mental load, the million appointments and medical issues and everything else feels like. I too have a child with a severe, rare disease. And I have a solution that I "
h_citizen,298139186725904,Citizen Health,ari.citizenhealth.com,2026-08-13,2026-10-01,True,1,FACEBOOK|INSTAGRAM|MESSENGER|THREADS,"📲 www.citizen.health/share  💜🔬If your family is affected by Childhood Absence Epilepsy (CAE) or Juvenile Absence Epilepsy (JAE), you can help move research forward into what causes these conditions, h"
h_doctronic,428312257036400,Gio.v,www.doctronic.ai,2026-09-30,2026-10-01,True,1,FACEBOOK|INSTAGRAM|WHATSAPP|THREADS,I’ve dealt with acne for years. What I still can’t figure out is the breakouts along my jaw and neck after I shave. Google and ChatGPT never really explained it.   @doctronicai actually gave me possib
h_doctronic,428312257036400,Tayler Raza UGC Creator,www.doctronic.ai,2026-09-29,2026-10-01,True,1,FACEBOOK|INSTAGRAM|WHATSAPP|THREADS,"I have 3 kids, and I pee a little every time I sneeze. Why is that just something moms are supposed to deal with and never talk about?  I asked Doctronic instead of booking a whole appointment for a q"
h_doctronic,428312257036400,Doctronic,www.doctronic.ai,2026-09-29,2026-10-01,True,2,FACEBOOK|INSTAGRAM|WHATSAPP|THREADS,"Renew your prescription from your phone. It's safe, starts at $19, and is available 24/7 (cost of medication not included)."
h_doctronic,428312257036400,Doctronic,www.doctronic.ai,2026-09-29,2026-10-01,True,,FACEBOOK|INSTAGRAM|WHATSAPP|THREADS,"Renew your prescription from your phone. It's safe, starts at $19, and is available 24/7 (cost of medication not included)."
h_doctronic,428312257036400,Doctronic,www.doctronic.ai,2026-09-29,2026-10-01,True,1,FACEBOOK|INSTAGRAM|WHATSAPP|THREADS,"Renew your prescription from your phone. It's safe, starts at $19, and is available 24/7 (cost of medication not included)."
h_doctronic,428312257036400,Doctronic,www.doctronic.ai,2026-09-29,2026-10-01,True,1,FACEBOOK|INSTAGRAM|WHATSAPP|THREADS,"Renew your prescription from your phone. It's safe, starts at $19, and is available 24/7 (cost of medication not included)."
h_doctronic,428312257036400,Doctronic,www.doctronic.ai,2026-09-29,2026-10-01,True,1,FACEBOOK|INSTAGRAM|WHATSAPP|THREADS,"Renew your prescription from your phone. It's safe, starts at $19, and is available 24/7 (cost of medication not included)."
h_doctronic,428312257036400,Doctronic,www.doctronic.ai,2026-09-29,2026-10-01,True,1,FACEBOOK|INSTAGRAM|WHATSAPP|THREADS,"Renew your prescription from your phone. It's safe, starts at $19, and is available 24/7 (cost of medication not included)."
h_doctronic,428312257036400,Doctronic,www.doctronic.ai,2026-09-29,2026-10-01,True,1,FACEBOOK|INSTAGRAM|WHATSAPP|THREADS,"Renew your prescription from your phone. It's safe, starts at $19, and is available 24/7 (cost of medication not included)."
h_doctronic,428312257036400,Doctronic,www.doctronic.ai,2026-09-29,2026-10-01,True,1,FACEBOOK|INSTAGRAM|WHATSAPP|THREADS,"Renew your prescription from your phone. It's safe, starts at $19, and is available 24/7 (cost of medication not included)."
h_doctronic,428312257036400,Doctronic,www.doctronic.ai,2026-09-29,2026-10-01,True,1,FACEBOOK|INSTAGRAM|WHATSAPP|THREADS,"Renew your prescription from your phone. It's safe, starts at $19, and is available 24/7 (cost of medication not included)."
h_doctronic,428312257036400,Doctronic,www.doctronic.ai,2026-09-29,2026-10-01,True,1,FACEBOOK|INSTAGRAM|WHATSAPP|THREADS,"Renew your prescription from your phone. It's safe, starts at $19, and is available 24/7 (cost of medication not included)."
h_doctronic,428312257036400,Doctronic,www.doctronic.ai,2026-09-29,2026-10-01,True,1,FACEBOOK|INSTAGRAM|WHATSAPP|THREADS,"Renew your prescription from your phone. It's safe, starts at $19, and is available 24/7 (cost of medication not included)."
h_doctronic,428312257036400,Doctronic,doctronic.ai,2026-09-29,2026-10-01,True,2,FACEBOOK|INSTAGRAM|WHATSAPP|THREADS,"Renew prescriptions from your phone. It's safe, free, and available 24/7 (cost of medication not included)."
h_doctronic,428312257036400,Doctronic,doctronic.ai,2026-09-29,2026-10-01,True,2,FACEBOOK|INSTAGRAM|WHATSAPP|THREADS,"Renew prescriptions from your phone. It's safe, free, and available 24/7 (cost of medication not included)."
h_doctronic,428312257036400,Doctronic,www.doctronic.ai,2026-09-29,2026-10-01,True,2,FACEBOOK|INSTAGRAM|WHATSAPP|THREADS,"Renew prescriptions from your phone. It's safe, free, and available 24/7 (cost of medication not included)."
h_doctronic,428312257036400,Doctronic,www.doctronic.ai,2026-09-29,2026-10-01,True,2,FACEBOOK|INSTAGRAM|WHATSAPP|THREADS,"Renew prescriptions from your phone. It's safe, free, and available 24/7 (cost of medication not included)."
h_doctronic,428312257036400,Doctronic,www.doctronic.ai,2026-09-29,2026-10-01,True,2,FACEBOOK|INSTAGRAM|WHATSAPP|THREADS,"Renew prescriptions from your phone. It's safe, free, and available 24/7 (cost of medication not included)."
h_doctronic,428312257036400,Doctronic,www.doctronic.ai,2026-09-29,2026-10-01,True,2,FACEBOOK|INSTAGRAM|WHATSAPP|THREADS,"Renew prescriptions from your phone. It's safe, free, and available 24/7 (cost of medication not included)."
h_doctronic,428312257036400,Doctronic,doctronic.ai,2026-09-29,2026-10-01,True,2,FACEBOOK|INSTAGRAM|WHATSAPP|THREADS,"Renew prescriptions from your phone. It's safe, free, and available 24/7 (cost of medication not included)."
h_doctronic,428312257036400,Cal,www.doctronic.ai,2026-09-25,2026-10-01,True,1,FACEBOOK|INSTAGRAM|WHATSAPP|THREADS,"when i’m depressed, i don’t want to leave the house, let alone find a specialist. i used @doctronicai from home so i could talk through what i was feeling first. it’s not a replacement for a real doct"
h_doctronic,428312257036400,_curlssss_,www.doctronic.ai,2026-09-25,2026-10-01,True,1,FACEBOOK|INSTAGRAM|WHATSAPP|THREADS,"After shoulder surgery I had complications I wasn’t expecting. My fingers were still numb, then my hand got so dry it started peeling. I did not want to ask that in a waiting room.  I used Doctronic f"
h_doctronic,428312257036400,not.justxn,www.doctronic.ai,2026-09-24,2026-10-01,True,1,FACEBOOK|INSTAGRAM|WHATSAPP|THREADS,"Quitting smoking is hard to talk about. You can still get help without saying it out loud.  I used Doctronic to ask the awkward questions privately. Free medical AI chat, and a real doctor if you need"
h_doctronic,428312257036400,Jhiggsyo,www.doctronic.ai,2026-09-24,2026-10-01,True,1,FACEBOOK|INSTAGRAM|WHATSAPP|THREADS,Renewed my prescription on Doctronic. No hold music. 10/10.  doctronic.ai  #ad #Doctronic
h_doctronic,428312257036400,Waffles to Wine,www.doctronic.ai,2026-09-22,2026-09-29,True,1,FACEBOOK|INSTAGRAM|WHATSAPP|THREADS,One less adult task on my to-do list? Immediately yes. 😂🙌💊  @doctronic makes it easy to renew eligible routine prescriptions right from your phone—because if I can handle one less healthcare admin tas
h_doctronic,428312257036400,yothatsliz,www.doctronic.ai,2026-09-22,2026-10-01,True,1,FACEBOOK|INSTAGRAM|WHATSAPP|THREADS,Some things can be hard to talk about with a professional in person. I’m glad I found a way to get answers and feel supported. ❤️‍🩹  Visit www.doctronic.ai
h_doctronic,428312257036400,Max Noir,www.doctronic.ai,2026-09-22,2026-10-01,True,1,FACEBOOK|INSTAGRAM|WHATSAPP|THREADS,"Procrastinators, this is for us! @doctronicai makes it easy to renew eligible routine prescriptions online, without panic calling anyone because you’re down to your last pill, or WORSE, you’re complet"
h_doctronic,428312257036400,Muoki Musau,www.doctronic.ai,2026-09-16,2026-09-29,True,1,FACEBOOK|INSTAGRAM|WHATSAPP|THREADS,"“Eh, I’m just getting older” has been my default answer to my body glitching on me 😂  But being a family man means I can’t just keep brushing stuff off.   I’ve been using @doctronicai to actually ask "
h_doctronic,428312257036400,Brittany Hladki-Smith,www.doctronic.ai,2026-09-16,2026-09-29,True,1,FACEBOOK|INSTAGRAM|WHATSAPP|THREADS,"Keep this one in your back pocket because shoulder pain had me one Google search away from spiraling yal 😩  When I woke up with shoulder pain so bad that lifting my arm and picking up my baby hurt, I "
h_doctronic,428312257036400,Julie Lynn Theis,www.doctronic.ai,2026-09-16,2026-10-01,True,1,FACEBOOK|INSTAGRAM|WHATSAPP|THREADS,"I moved around way too much to have a consistent doctor. @doctronicai finally made healthcare feel easy for the first time in my life.   They take insurance, or it’s $39 out of pocket for a video visi"
h_doctronic,428312257036400,JustKryptic,www.doctronic.ai,2026-09-16,2026-10-01,True,1,FACEBOOK|INSTAGRAM|WHATSAPP|THREADS,"Red marks on my face for years… and I still didn’t know what they were. 👀 Instead of guessing, I asked @doctronicai and got a better idea of what could be going on and what my next steps could be. doc"
h_doctronic,428312257036400,The Roll Factory,www.doctronic.ai,2026-09-16,2026-10-01,True,1,FACEBOOK|INSTAGRAM|WHATSAPP|THREADS,"Apparently being 32 means I can’t test all my baking recipes like I used to. 😭😂  The fatigue, bloating & stomach discomfort had me confused, so instead of running to Google, I asked @doctronic. It hel"
h_doctronic,428312257036400,Breylan,www.doctronic.ai,2026-09-16,2026-09-30,True,1,FACEBOOK|INSTAGRAM|WHATSAPP|THREADS,"Utah friends, this one’s for you. 👀💊 Renewing your regular meds just got easier. Check it out: doctronic.ai #doctronic #doctronicai #utah #fypシ❤️💞❤️"
h_doctronic,428312257036400,Beyond Beauty With Catrina Joy,www.doctronic.ai,2026-09-16,2026-09-30,True,1,FACEBOOK|INSTAGRAM|WHATSAPP|THREADS,One less appointment to squeeze into an already crazy schedule? Yes please. 🙌 @doctronicai  #doctronic #doctronicai  Website : www.doctronic.ai
h_doctronic,428312257036400,Philemon Chambers,www.doctronic.ai,2026-09-16,2026-10-01,True,1,FACEBOOK|INSTAGRAM|WHATSAPP|THREADS,Sometimes having the right information is the first step to taking better care of yourself @doctronicai 🩺 #doctronic #doctronicai
h_doctronic,428312257036400,JB Live,,2026-09-16,2026-09-30,True,4,FACEBOOK|INSTAGRAM|WHATSAPP|THREADS,Is this normal?  I finally stopped wondering and just asked Doctronic.  AI doctor chat = always free  Video visit w/ a licensed doctor = $39 www.doctronic.ai   #Doctronic #DoctronicAI #Telehealth #Hea
h_doctronic,428312257036400,Steveioe,www.doctronic.ai,2026-09-16,2026-10-01,True,4,FACEBOOK|INSTAGRAM|WHATSAPP|THREADS,Hydrocortisone cream doesn’t need a waiting room. There’s a better way. → @doctronicai (www.doctronic.ai)  #Doctronic #DoctronicAI
h_doctronic,428312257036400,John Seo,www.doctronic.ai,2026-09-16,2026-09-30,True,3,FACEBOOK|INSTAGRAM|WHATSAPP|THREADS,this is why Doctronic exists 💀  Use code JVHNSEO20 for 20% off your first telehealth visit -> www.doctronic.ai  @doctronicai  #Doctronic #DoctronicAI #askadoctor #telehealth
h_doctronic,428312257036400,Bald Baddie,www.doctronic.ai,2026-09-16,2026-10-01,True,4,FACEBOOK|INSTAGRAM|WHATSAPP|THREADS,I’ve been on the same anxiety meds for YEARS so why is it so hard to get a refill? Hot tip: try Doctronic’s super easy refill portal doctronic.ai Use code BALDBADDIE @doctronicai  #Doctronic #Doctroni
h_doctronic,428312257036400,ScarlettandTiania,www.doctronic.ai,2026-09-16,2026-10-01,True,4,FACEBOOK|INSTAGRAM|WHATSAPP|THREADS,"✈️💃 Vacation mode: activated  You can plan the flights, book the hotel, and map out every stop... but you can’t always plan for random health issues.  That’s why I keep Doctronic in my back pocket whe"
h_doctronic,428312257036400,Amylynncharp,www.doctronic.ai,2026-09-16,2026-10-01,True,4,FACEBOOK|INSTAGRAM|WHATSAPP|THREADS,Why does this always happen? I finally stopped guessing and asked Doctronic.  💬 AI doctor chat is always free 🩺 Video visit with a licensed doctor is $39  www.doctronic.ai ⬅️  or you can check the lin
h_doctronic,428312257036400,Tawnee117,www.doctronic.ai,2026-09-16,2026-10-01,True,3,FACEBOOK|INSTAGRAM|WHATSAPP|THREADS,Your families health advice can be fact checked! You can ask Doctronic for free with their instant AI health chat and if you need more information you can see a licensed doctor on video same day for d
h_doctronic,428312257036400,yothatsliz,www.doctronic.ai,2026-09-16,2026-09-28,True,4,FACEBOOK|INSTAGRAM|WHATSAPP|THREADS,Think twice before trusting every family health tip! 🤥  Start with @doctronicai to get a quick AND free AI health consult. If you need more support you can book a same day video visit with a licensed 
h_doctronic,428312257036400,Inspiredbykie,www.doctronic.ai,2026-09-16,2026-09-28,True,4,FACEBOOK|INSTAGRAM|WHATSAPP|THREADS,Did you believe this health myth when an adult said “Don’t swallow gum or it will end up in your stoma for 7 years?” . Ask Doctronic for a free and instant AI health chat. Then follow up with a licens
h_doctronic,428312257036400,Cal,www.doctronic.ai,2026-09-16,2026-09-30,True,4,FACEBOOK|INSTAGRAM|WHATSAPP|THREADS,"nothing ruins your trip faster than getting sick & especially with all the travels i’m doing, i want to make sure i’m as prepared as possible  try @doctronicai — and use CALLI20 for 20% off your first"
h_doctronic,428312257036400,The Odist Strum,www.doctronic.ai,2026-09-16,2026-10-01,True,4,FACEBOOK|INSTAGRAM|WHATSAPP|THREADS,@doctronicai use doctronic today for $39! On www.doctronic.ai #doctronic #health #doctor use promo code zach20 for 20% off your first telehealth purchase
h_doctronic,428312257036400,Julie Story,www.doctronic.ai,2026-09-16,2026-09-30,True,4,FACEBOOK|INSTAGRAM|WHATSAPP|THREADS,It’s finally spring and your biggest enemy is back in business. 🤧 Use code JULIE20 for 20% off your first telehealth visit. @doctronicai #AllergySeason  #AllergyRelief #Doctronic #DoctronicAI #telehea
h_doctronic,428312257036400,Jhiggsyo,www.doctronic.ai,2026-09-16,2026-09-29,True,4,FACEBOOK|INSTAGRAM|WHATSAPP|THREADS,Spring has sprung! I love this time of year but unfortunately seasonal allergies do my dirty every time!   This year I handled it differently with Doctronic: www.doctrines.ai/allergies   Free allergy 
h_doctronic,428312257036400,Amylynncharp,www.doctronic.ai,2026-09-16,2026-09-30,True,4,FACEBOOK|INSTAGRAM|WHATSAPP|THREADS,How many health myths have you believed because someone on the internet or in your family swore they were true? 👀  I started using Doctoronic because it’s an easy way to get reliable answers before sp
h_doctronic,428312257036400,Cal,www.doctronic.ai,2026-09-16,2026-10-01,True,4,FACEBOOK|INSTAGRAM|WHATSAPP|THREADS,"i jinxed myself with my wifi name: it hurts when IP  🫪👉🏼👈🏼 so i used my handy dandy @doctronicai app, described my symptoms, got answers in minutes, did a lil telehealth visit for $39, & got my prescr"
h_doctronic,428312257036400,ChylMusic,www.doctronic.ai,2026-09-16,2026-10-01,True,4,FACEBOOK|INSTAGRAM|WHATSAPP|THREADS,"My family’s ‘medical advice’ has been passed down for generations… and none of it is backed by science 😅   Got curious and had @doctronicai fact-check the stuff I grew up hearing. Free, instant AI hea"
h_doctronic,428312257036400,Dmitry 'Smoove' Krivenko,www.doctronic.ai,2026-09-16,2026-09-30,True,4,FACEBOOK|INSTAGRAM|WHATSAPP|THREADS,"5 knee surgeries. I still make this look easy - but it’s not. 🦵💪  At this level, guessing gets you hurt. @doctronicai breaks it all down so I know exactly what my body needs - and when I want to doubl"
h_doctronic,428312257036400,Anthony Mendez,www.doctronic.ai,2026-09-16,2026-09-30,True,4,FACEBOOK|INSTAGRAM|WHATSAPP|THREADS,"Don’t wait for your typical doctor anymore. Here’s a quicker way to see what a doctor would say⬇️ @doctronicai - try free AI health consult, or book a $39 licensed doctor visit from anywhere in the US"
h_doctronic,428312257036400,Abby,www.doctronic.ai,2026-09-16,2026-09-28,True,4,FACEBOOK|INSTAGRAM|WHATSAPP|THREADS,"Healthcare should never feel like choosing between your body and your bank account. I love Doctronic because it’s free to start, and if you do need a Doctor it’s only $39! AND with code ABB20 you get "
h_doctronic,428312257036400,Beyond Beauty With Catrina Joy,www.doctronic.ai,2026-09-16,2026-09-28,True,4,FACEBOOK|INSTAGRAM|WHATSAPP|THREADS,If your strategy for random skin issues is ✨ignore and hope✨… we’re the same person🫠🫣  @doctronicai made is so much simpler!! It’s pretty cool — it’s a free AI chat that actually helps you figure out 
h_doctronic,428312257036400,Dmitry 'Smoove' Krivenko,www.doctronic.ai,2026-09-16,2026-09-30,True,4,FACEBOOK|INSTAGRAM|WHATSAPP|THREADS,"Turns out basketball transcends everything. Countries, languages, time zones. ⚽🌍🏀  Doctors too. @doctronicai - free AI chat, $39 real doctor video visit.  The world’s #1 Medical AI platform with 28.1M"
h_doctronic,428312257036400,christinadecarlo,www.doctronic.ai,2026-09-16,2026-09-30,True,4,FACEBOOK|INSTAGRAM|WHATSAPP|THREADS,I didn’t need a full reset… I needed healthcare that actually fit into my life. turns out the problem wasn’t discipline… it was access . AI doctor chat = always free video visit with a licensed doctor
h_doctronic,744256395445113,christinadecarlo,doctronic.ai,2026-09-16,2026-10-01,True,1,FACEBOOK|INSTAGRAM|WHATSAPP|THREADS,{{product.brand}}
h_doctronic,428312257036400,Gut Health• Weight Loss • Financial Health,www.doctronic.ai,2026-09-16,2026-09-28,True,1,FACEBOOK|INSTAGRAM|WHATSAPP|THREADS,"Moms, I found exactly what we need! I finally stopped guessing and just asked @doctronicai   💬 AI doctor chat is always free 🩺 Video visit with a licensed doctor is $39 (cannot beat it). ⌨️ www.doctro"
h_doctronic,329781556879176,Ashlee Rose,doctronic.ai,2026-09-16,2026-09-28,True,1,FACEBOOK|INSTAGRAM|WHATSAPP|THREADS,Welcome to the best AI mind in medicine. On call 24/7. Get answers in seconds from our AI trained on real medical research - no waiting rooms required.
h_doutorsocial,108855901740570,brunosenarga,fb.me,2026-10-01,2026-10-01,True,6,FACEBOOK|INSTAGRAM,"🤰 Se você está grávida agora, esse texto foi escrito pra você.  Existe um benefício de até R$ 6.400 garantido por lei que a maioria das gestantes desconhece — e que pode estar esperando por você agora"
h_doutorsocial,1069285956266675,Paixão Expressa,play.google.com,2026-10-01,2026-10-01,True,7,FACEBOOK|INSTAGRAM|AUDIENCE_NETWORK|THREADS,"Toneladas de ótimos dramas curtos, atualizados diariamente. 💥Baixe o app agora!💥"
h_doutorsocial,1069285956266675,Paixão Expressa,play.google.com,2026-10-01,2026-10-01,True,9,FACEBOOK|INSTAGRAM|AUDIENCE_NETWORK|THREADS,"Toneladas de ótimos dramas curtos, atualizados diariamente. 💥Baixe o app agora!💥"
h_doutorsocial,1069285956266675,Paixão Expressa,play.google.com,2026-10-01,2026-10-01,True,15,FACEBOOK|INSTAGRAM|AUDIENCE_NETWORK|THREADS,"Toneladas de ótimos dramas curtos, atualizados diariamente. 💥Baixe o app agora!💥"
h_doutorsocial,981383318399470,Dr. Jonathan Marcolini,,2026-10-01,2026-10-01,True,1,INSTAGRAM,"Você percebe que está mais irritado. Sem paciência. Qualquer coisa incomoda. Discussões por motivos pequenos. Mais afastado emocionalmente. E o relacionamento começa a desgastar.  O problema é que, qu"
h_doutorsocial,240098813288628,Andréa Werner,,2026-10-01,2026-10-01,True,2,FACEBOOK,"Conversei com o vice-presidente Geraldo Alckmin sobre a política do cuidado e sobre o que o Estado precisa assumir. A família faz muito, mas não pode ser a única a responder. Sociedade e governo també"
h_doutorsocial,240098813288628,Andréa Werner,,2026-10-01,2026-10-01,True,,FACEBOOK,"Conversei com o vice-presidente Geraldo Alckmin sobre a política do cuidado e sobre o que o Estado precisa assumir. A família faz muito, mas não pode ser a única a responder. Sociedade e governo també"
h_doutorsocial,240098813288628,Andréa Werner,,2026-10-01,2026-10-01,True,2,INSTAGRAM,"Conversei com o vice-presidente Geraldo Alckmin sobre a política do cuidado e sobre o que o Estado precisa assumir. A família faz muito, mas não pode ser a única a responder. Sociedade e governo també"
h_doutorsocial,240098813288628,Andréa Werner,,2026-10-01,2026-10-01,True,,INSTAGRAM,"Conversei com o vice-presidente Geraldo Alckmin sobre a política do cuidado e sobre o que o Estado precisa assumir. A família faz muito, mas não pode ser a única a responder. Sociedade e governo també"
h_doutorsocial,1260279353845121,Memórias de Um Encontro Distante,play.google.com,2026-10-01,2026-10-01,True,,FACEBOOK|INSTAGRAM|AUDIENCE_NETWORK|THREADS,"Toneladas de ótimos dramas curtos, atualizados diariamente. 💥Baixe o app agora!💥"
h_doutorsocial,1054714681064027,Amor Instantâneo,play.google.com,2026-10-01,2026-10-01,True,,FACEBOOK|INSTAGRAM|AUDIENCE_NETWORK|THREADS,"Toneladas de ótimos dramas curtos, atualizados diariamente. 💥Baixe o app agora!💥"
h_doutorsocial,1347544748442465,Histórias Além da Última Página,play.google.com,2026-10-01,2026-10-01,True,,FACEBOOK|INSTAGRAM|AUDIENCE_NETWORK|THREADS,"Toneladas de ótimos dramas curtos, atualizados diariamente. 💥Baixe o app agora!💥"
h_doutorsocial,1333678603159907,Caminhos Que o Destino Escondeu,play.google.com,2026-10-01,2026-10-01,True,,FACEBOOK|INSTAGRAM|AUDIENCE_NETWORK|THREADS,"Toneladas de ótimos dramas curtos, atualizados diariamente. 💥Baixe o app agora!💥"
h_doutorsocial,1328383857028867,Ecos de Um Coração Distante,play.google.com,2026-10-01,2026-10-01,True,,FACEBOOK|INSTAGRAM|AUDIENCE_NETWORK|THREADS,"Toneladas de ótimos dramas curtos, atualizados diariamente. 💥Baixe o app agora!💥"
h_doutorsocial,1461161070403648,Pistas Perdidas no Silêncio,play.google.com,2026-10-01,2026-10-01,True,,FACEBOOK|INSTAGRAM|AUDIENCE_NETWORK|THREADS,"Toneladas de ótimos dramas curtos, atualizados diariamente. 💥Baixe o app agora!💥"
h_doutorsocial,1260279353845121,Memórias de Um Encontro Distante,play.google.com,2026-10-01,2026-10-01,True,,FACEBOOK|INSTAGRAM|AUDIENCE_NETWORK|THREADS,"Toneladas de ótimos dramas curtos, atualizados diariamente. 💥Baixe o app agora!💥"
h_doutorsocial,1260279353845121,Memórias de Um Encontro Distante,play.google.com,2026-10-01,2026-10-01,True,,FACEBOOK|INSTAGRAM|AUDIENCE_NETWORK|THREADS,"Toneladas de ótimos dramas curtos, atualizados diariamente. 💥Baixe o app agora!💥"
h_doutorsocial,1294269840443983,Histórias Escondidas na Chuva,play.google.com,2026-10-01,2026-10-01,True,,FACEBOOK|INSTAGRAM|AUDIENCE_NETWORK|THREADS,"Toneladas de ótimos dramas curtos, atualizados diariamente. 💥Baixe o app agora!💥"
h_doutorsocial,1301863189685494,Mistérios Escondidos na Noite,play.google.com,2026-10-01,2026-10-01,True,,FACEBOOK|INSTAGRAM|AUDIENCE_NETWORK|THREADS,"Toneladas de ótimos dramas curtos, atualizados diariamente. 💥Baixe o app agora!💥"
h_doutorsocial,1414309608430402,Páginas de Um Encontro Inesperado,play.google.com,2026-10-01,2026-10-01,True,,FACEBOOK|INSTAGRAM|AUDIENCE_NETWORK|THREADS,"Toneladas de ótimos dramas curtos, atualizados diariamente. 💥Baixe o app agora!💥"
h_doutorsocial,108855901740570,brunosenarga,fb.me,2026-10-01,2026-10-01,True,6,FACEBOOK|INSTAGRAM,"🤰 Se você está grávida agora, esse texto foi escrito pra você.  Existe um benefício de até R$ 6.400 garantido por lei que a maioria das gestantes desconhece — e que pode estar esperando por você agora"
h_doutorsocial,108855901740570,brunosenarga,fb.me,2026-10-01,2026-10-01,True,,FACEBOOK|INSTAGRAM,"🤰 Se você está grávida agora, esse texto foi escrito pra você.  Existe um benefício de até R$ 6.400 garantido por lei que a maioria das gestantes desconhece — e que pode estar esperando por você agora"
h_doutorsocial,108855901740570,brunosenarga,fb.me,2026-10-01,2026-10-01,True,,FACEBOOK|INSTAGRAM,"🤰 Se você está grávida agora, esse texto foi escrito pra você.  Existe um benefício de até R$ 6.400 garantido por lei que a maioria das gestantes desconhece — e que pode estar esperando por você agora"
h_doutorsocial,108855901740570,brunosenarga,fb.me,2026-10-01,2026-10-01,True,,FACEBOOK|INSTAGRAM,"🤰 Se você está grávida agora, esse texto foi escrito pra você.  Existe um benefício de até R$ 6.400 garantido por lei que a maioria das gestantes desconhece — e que pode estar esperando por você agora"
h_doutorsocial,1201812426358582,Glintwood Drama,m.mydramawave.com,2026-10-01,2026-10-01,True,2,FACEBOOK|INSTAGRAM|AUDIENCE_NETWORK|THREADS,Um homem que há muito tempo é confundido com um trabalhador comum finalmente revela sua verdadeira identidade de elite em um momento decisivo. Todos que o desprezaram ficam completamente atônitos e de
h_doutorsocial,105015465210949,Instituto Lucas Sotana,api.whatsapp.com,2026-10-01,2026-10-01,True,1,INSTAGRAM,Cada história é única. Mas uma coisa se repete nos nossos pacientes: a satisfação de ter escolhido cuidar de si com orientação profissional.  Transformar o corpo vai muito além de receber uma dieta ou
h_doutorsocial,571065382951964,Dr Mauro Nazif,www.drmauronazif.com.br,2026-10-01,2026-10-01,True,1,FACEBOOK|INSTAGRAM,"Quem trabalha na área farmacêutica sabe: por trás de cada medicamento existe um profissional que também cuida de vidas.  Eu acredito na valorização desses profissionais, no fortalecimento da área farm"
h_doutorsocial,205930572612170,Watch Drama Free,play.google.com,2026-10-01,2026-10-01,True,1,FACEBOOK|INSTAGRAM|AUDIENCE_NETWORK|THREADS,Watch free short dramas now
h_doutorsocial,1226732403867703,Elisangela Tomba 2026,,2026-10-01,2026-10-01,True,7,FACEBOOK|INSTAGRAM,"Um encontro de diálogo e compromisso com o futuro do Paraná. 🇧🇷  Seguimos ouvindo, construindo pontes e buscando caminhos para fortalecer nosso estado e melhorar a vida da nossa população.  Política s"
h_doutorsocial,1226732403867703,Elisangela Tomba 2026,,2026-10-01,2026-10-01,True,,FACEBOOK|INSTAGRAM,"Um encontro de diálogo e compromisso com o futuro do Paraná. 🇧🇷  Seguimos ouvindo, construindo pontes e buscando caminhos para fortalecer nosso estado e melhorar a vida da nossa população.  Política s"
h_doutorsocial,1226732403867703,Elisangela Tomba 2026,,2026-10-01,2026-10-01,True,7,FACEBOOK|INSTAGRAM,"Um encontro de diálogo e compromisso com o futuro do Paraná. 🇧🇷  Seguimos ouvindo, construindo pontes e buscando caminhos para fortalecer nosso estado e melhorar a vida da nossa população.  Política s"
h_doutorsocial,1226732403867703,Elisangela Tomba 2026,,2026-10-01,2026-10-01,True,,FACEBOOK|INSTAGRAM,"Um encontro de diálogo e compromisso com o futuro do Paraná. 🇧🇷  Seguimos ouvindo, construindo pontes e buscando caminhos para fortalecer nosso estado e melhorar a vida da nossa população.  Política s"
h_doutorsocial,189973681812415,Weslley Messias,chat.posicionamentounico.com.br,2026-10-01,2026-10-01,True,1,FACEBOOK|INSTAGRAM|THREADS,"Hey Doutor, se você deseja se posicionar para ter leads mais qualificados, já toca no link abaixo para participar da imersão Posicionamento Único, 16 e 17/10 em Alphaville-SP."
h_doutorsocial,440562209132967,Dr. Arthur Leandro - Emagrecimento e Performance,www.instagram.com,2026-10-01,2026-10-01,True,1,INSTAGRAM,"🟢 Gordura no fígado pode estar sendo construída gole a gole, inclusive com bebidas que parecem inofensivas.  Suco de caixinha, refrigerante e álcool frequente podem contribuir para o problema por dife"
h_doutorsocial,191352894054471,Pocket FM Stories,play.google.com,2026-10-01,2026-10-01,True,,FACEBOOK|INSTAGRAM,"Seu filho, seu segredoUma noite mudou seu destino: agora ela carrega no ventre o herdeiro da Espanha."
h_doutorsocial,121064086397372,dr.salet,fb.me,2026-10-01,2026-10-01,True,1,FACEBOOK|INSTAGRAM|AUDIENCE_NETWORK,⏱️Quanto tempo dura o pós-operatório da cirurgia facial? Essa é uma das perguntas mais importantes antes de tomar a decisão — e no vídeo eu respondo com clareza sobre cada técnica. ☝️ Assista até o fi
h_doutorsocial,529959500190145,consultório Dr Ricardo Pessoa ,instagram.com,2026-10-01,2026-10-01,True,2,INSTAGRAM,"Alô você de Campina Grande, você tem medo de dentista?  A gente sabe que o ""barulhinho"" assusta.No Consultório Dr. Ricardo Pessoa, trocamos o trauma pelo acolhimento. ✅ Técnicas sem dor ✅ Tecnologia h"
h_doutorsocial,529959500190145,consultório Dr Ricardo Pessoa ,instagram.com,2026-10-01,2026-10-01,True,,INSTAGRAM,"Alô você de Campina Grande, você tem medo de dentista?  A gente sabe que o ""barulhinho"" assusta.No Consultório Dr. Ricardo Pessoa, trocamos o trauma pelo acolhimento. ✅ Técnicas sem dor ✅ Tecnologia h"
h_doutorsocial,319310761493691,Salmito,salmito.com.br,2026-10-01,2026-10-01,True,1,FACEBOOK|INSTAGRAM,"Quando o apoio vem de quem conhece a pauta por dentro, ele ganha outro peso. Estive com meu amigo de longa data, Adriano, educador físico, doutor, professor universitário e um cara que conhece de pert"
h_doutorsocial,107701940715891,Rogerio Augusto da Silva,instagram.com,2026-10-01,2026-10-01,True,1,FACEBOOK|INSTAGRAM,A importância de entender a realidade e as dores reais dos produtores rurais!
h_doutorsocial,1259506917257152,Sombras que Seguem Cada Passo,play.google.com,2026-10-01,2026-10-01,True,,FACEBOOK|INSTAGRAM|AUDIENCE_NETWORK|THREADS,"Toneladas de ótimos dramas curtos, atualizados diariamente. 💥Baixe o app agora!💥"
h_doutorsocial,231572093521219,Care Plus,fb.com,2026-10-01,2026-10-01,True,,FACEBOOK,"A tecnologia trouxe facilidades para a nossa rotina. No entanto, o excesso de estímulos e longos períodos em frente às telas podem estar associados a diferentes sintomas que se manifestam diariamente."
h_doutorsocial,106448678850505,Dr Adaias,instagram.com,2026-10-01,2026-10-01,True,2,FACEBOOK|INSTAGRAM,"A direita quer nova DEforma da previdência…. ELEIÇÃO 2026- ADAIAS LUCENA DOS SANTOS- 68.258.328/0001-46.  FEDERAÇÃO BRASIL DA ESPERANÇA PT, PV e PCdoB   #politica #pt #aposentadorias #previdenciario"
h_doutorsocial,1152634157933575,Eleuses Paiva Filho,,2026-10-01,2026-10-01,False,2,FACEBOOK|INSTAGRAM,"Meu pai, Dr. Eleuses Paiva, tem um recado importante para você!  Domingo é ELEUSES PAIVA 5️⃣5️⃣5️⃣5️⃣ para Deputado Federal ✅  PROPAGANDA ELEITORAL. Partido Social Democrático - CNPJ: 68.455.766/0001-"
h_doutorsocial,274528075746378,Gabriel de Oliveira,assessoria.insidermidia.com.br,2026-10-01,2026-10-01,True,1,INSTAGRAM,"Conheça as soluções que a Insider Midia tem a oferecer para o crescimento do seu negócio!   Ficou interessado? Basta clicar em ""Saiba Mais"" para conhecer as nossas ferramentas e soluções."
h_doutorsocial,513325325203664,Curso Endogin,mentoriaendogin.com.br,2026-10-01,2026-10-01,True,1,FACEBOOK|INSTAGRAM|AUDIENCE_NETWORK|THREADS,"Lipedema não é obesidade. E compreender essa diferença é apenas o começo.  Nesta aula especial, Dr. Caio Saraiva e Dr. Vinícius Carruego aprofundam o raciocínio clínico sobre lipedema, passando pelos "
h_doutorsocial,445813468815386,Dr. Luiz Ovando,drluizovando.com.br,2026-10-01,2026-10-01,True,13,FACEBOOK|INSTAGRAM,"No dia 4 de outubro, VOTE 1122 para deputado federal pelo Mato Grosso do Sul. Dr. Luiz Ovando: Médico por vocação. Político por convicção!  #DrLuizOvando #Vote1122 #MatoGrossoDoSul #Eleições2026"
h_doutorsocial,167306944111245,Dr. Frederico,,2026-10-01,2026-10-01,True,11,FACEBOOK|INSTAGRAM,Confira a indicação de Eduardo Bolsonaro para deputado federal em Minas Gerais.
h_doutorsocial,108855901740570,brunosenarga,fb.me,2026-10-01,2026-10-01,True,6,FACEBOOK|INSTAGRAM,"🤰 Se você está grávida agora, esse texto foi escrito pra você.  Existe um benefício de até R$ 6.400 garantido por lei que a maioria das gestantes desconhece — e que pode estar esperando por você agora"
h_doutorsocial,550364921494245,ceprac_aaa,instagram.com,2026-10-01,2026-10-01,True,1,FACEBOOK|INSTAGRAM,💙 Histórias de sucesso que começam no CEPRAC e seguem para a vida!  É uma alegria muito especial reencontrar quem um dia esteve em nossas salas de aula e hoje constrói sua própria trajetória profissio
h_doutorsocial,445813468815386,Dr. Luiz Ovando,drluizovando.com.br,2026-10-01,2026-10-01,True,22,FACEBOOK|INSTAGRAM,"No dia 4 de outubro, VOTE 1122 para deputado federal pelo Mato Grosso do Sul. Dr. Luiz Ovando: Médico por vocação. Político por convicção!  #DrLuizOvando #Vote1122 #MatoGrossoDoSul #Eleições2026"
h_doutorsocial,1353272647866685,Panelo Short Drama,play.google.com,2026-10-01,2026-10-01,True,1,FACEBOOK|INSTAGRAM|AUDIENCE_NETWORK|THREADS,💥 The Hottest movie in 2026！FREE FREE FREE！🔥👉
h_doutorsocial,1353272647866685,Panelo Short Drama,play.google.com,2026-10-01,2026-10-01,True,1,FACEBOOK|INSTAGRAM|AUDIENCE_NETWORK|THREADS,💥 The Hottest movie in 2026！FREE FREE FREE！🔥👉
h_doutorsocial,1353272647866685,Panelo Short Drama,play.google.com,2026-10-01,2026-10-01,True,1,FACEBOOK|INSTAGRAM|AUDIENCE_NETWORK|THREADS,💥 The Hottest movie in 2026！FREE FREE FREE！🔥👉
h_doutorsocial,1360687227128598,Sirenya Short Drama,play.google.com,2026-10-01,2026-10-01,True,1,FACEBOOK|INSTAGRAM|AUDIENCE_NETWORK|THREADS,💥 The Hottest movie in 2026！FREE FREE FREE！🔥👉
h_doutorsocial,1360687227128598,Sirenya Short Drama,play.google.com,2026-10-01,2026-10-01,True,1,FACEBOOK|INSTAGRAM|AUDIENCE_NETWORK|THREADS,💥 The Hottest movie in 2026！FREE FREE FREE！🔥👉
h_doutorsocial,1360687227128598,Sirenya Short Drama,play.google.com,2026-10-01,2026-10-01,True,1,FACEBOOK|INSTAGRAM|AUDIENCE_NETWORK|THREADS,💥 The Hottest movie in 2026！FREE FREE FREE！🔥👉
h_doutorsocial,1113749935160637,Eloisa Lima Pessina Corretora de Imóveis,api.whatsapp.com,2026-10-01,2026-10-01,True,,FACEBOOK|INSTAGRAM,"✨ APARTAMENTO AMPLO À VENDA  📍EDIFÍCIO VITÓRIA RÉGIA -  Bairro Vila Santa Catarina, Americana/SP  Para quem busca espaço, privacidade e conforto, este apartamento de 122 m² de área útil é a escolha id"
h_doutorsocial,1272648592593485,Dr Caio Machado,instagram.com,2026-10-01,2026-10-01,True,6,FACEBOOK|INSTAGRAM,"Quer conhecer um candidato de verdade? Dá um Google! 🔎  Antes de escolher em quem votar, procure saber quem está pedindo seu voto, o que já fez pela população e qual é a sua história.  Eu sou Caio Mac"
h_doutorsocial,1272648592593485,Dr Caio Machado,instagram.com,2026-10-01,2026-10-01,True,,FACEBOOK|INSTAGRAM,"Quer conhecer um candidato de verdade? Dá um Google! 🔎  Antes de escolher em quem votar, procure saber quem está pedindo seu voto, o que já fez pela população e qual é a sua história.  Eu sou Caio Mac"
h_paidcare,699930669874195,Joyreels-4-jin4,page.joyreels.com,2025-11-20,2025-11-21,False,1,FACEBOOK|INSTAGRAM|AUDIENCE_NETWORK|MESSENGER|THREADS,"Former Navy Seals five-star general “Night Raven” Quinn Bridger fulfills her late parents’ wish for her to have a normal life by retiring and marrying Trent Grafton. However, she is betrayed by Trent "
h_paidcare,699930669874195,Joyreels-4-jin4,page.joyreels.com,2025-11-21,2025-11-21,False,,FACEBOOK|INSTAGRAM|AUDIENCE_NETWORK|MESSENGER|THREADS,"Former Navy Seals five-star general “Night Raven” Quinn Bridger fulfills her late parents’ wish for her to have a normal life by retiring and marrying Trent Grafton. However, she is betrayed by Trent "
h_paidcare,699930669874195,Joyreels-4-jin4,page.joyreels.com,2025-11-21,2025-11-21,False,,FACEBOOK|INSTAGRAM|AUDIENCE_NETWORK|MESSENGER|THREADS,"Former Navy Seals five-star general “Night Raven” Quinn Bridger fulfills her late parents’ wish for her to have a normal life by retiring and marrying Trent Grafton. However, she is betrayed by Trent "
h_paidcare,699930669874195,Joyreels-4-jin4,page.joyreels.com,2025-11-21,2025-11-21,False,,FACEBOOK|INSTAGRAM|AUDIENCE_NETWORK|MESSENGER|THREADS,"Former Navy Seals five-star general “Night Raven” Quinn Bridger fulfills her late parents’ wish for her to have a normal life by retiring and marrying Trent Grafton. However, she is betrayed by Trent "
h_paidcare,699930669874195,Joyreels-4-jin4,page.joyreels.com,2025-11-21,2025-11-21,False,,FACEBOOK|INSTAGRAM|AUDIENCE_NETWORK|MESSENGER|THREADS,"Former Navy Seals five-star general “Night Raven” Quinn Bridger fulfills her late parents’ wish for her to have a normal life by retiring and marrying Trent Grafton. However, she is betrayed by Trent "
h_paidcare,108268605296897,TikTok - US,play.google.com,2026-09-30,2026-10-01,True,,FACEBOOK|INSTAGRAM|AUDIENCE_NETWORK|THREADS,TikTok is full of fun and laughter
h_paidcare,108268605296897,TikTok - US,play.google.com,2026-09-30,2026-10-01,True,,FACEBOOK|INSTAGRAM|AUDIENCE_NETWORK|THREADS,TikTok is full of fun and laughter
h_paidcare,108268605296897,TikTok - US,play.google.com,2026-09-30,2026-09-30,True,,FACEBOOK|INSTAGRAM|AUDIENCE_NETWORK|THREADS,TikTok is full of fun and laughter
h_paidcare,344365398755926,Vigloo,www.vigloo.com,2026-06-26,2026-08-05,False,4,FACEBOOK|INSTAGRAM|AUDIENCE_NETWORK|MESSENGER|THREADS,He lost her when he betrayed her. Now she’s the queen of the race. <Final Lap: Love & Betrayal>
h_paidcare,344365398755926,Vigloo,www.vigloo.com,2026-06-26,2026-06-27,False,1,FACEBOOK|INSTAGRAM|AUDIENCE_NETWORK|MESSENGER|THREADS,He lost her when he betrayed her. Now she’s the queen of the race. <Final Lap: Love & Betrayal>
h_paidcare,344365398755926,Vigloo,www.vigloo.com,2026-06-26,2026-08-05,False,1,FACEBOOK|INSTAGRAM|AUDIENCE_NETWORK|MESSENGER|THREADS,He lost her when he betrayed her. Now she’s the queen of the race. <Final Lap: Love & Betrayal>
h_paidcare,963688660164046,Clinical Trials for You,scr-hollywood.explorestudies.com,2026-09-01,2026-10-01,True,2,FACEBOOK|INSTAGRAM|MESSENGER|THREADS,Join our eczema research study where you may receive an investigational treatment from a dermatologist. No cost to participate.  📋Learn about a clinical trial evaluating an investigational treatment f
h_paidcare,825638820626644,Wonderful novel story,fixbt.com,2026-10-01,2026-10-01,True,,FACEBOOK|INSTAGRAM|AUDIENCE_NETWORK,"The day Rebecca Perry was set to leave the country, Vance Bradford blew through three red lights in a desperate race to the airport. But even then, he didn't make it in time to catch her before she bo"
h_paidcare,825638820626644,Wonderful novel story,fixbt.com,2026-10-01,2026-10-01,True,,FACEBOOK|INSTAGRAM|AUDIENCE_NETWORK,"The day Rebecca Perry was set to leave the country, Vance Bradford blew through three red lights in a desperate race to the airport. But even then, he didn't make it in time to catch her before she bo"
h_paidcare,825638820626644,Wonderful novel story,fixbt.com,2026-10-01,2026-10-01,True,,FACEBOOK|INSTAGRAM|AUDIENCE_NETWORK,"The day Rebecca Perry was set to leave the country, Vance Bradford blew through three red lights in a desperate race to the airport. But even then, he didn't make it in time to catch her before she bo"
h_paidcare,825638820626644,Wonderful novel story,fixbt.com,2026-10-01,2026-10-01,True,,FACEBOOK|INSTAGRAM|AUDIENCE_NETWORK,"The day Rebecca Perry was set to leave the country, Vance Bradford blew through three red lights in a desperate race to the airport. But even then, he didn't make it in time to catch her before she bo"
h_paidcare,825638820626644,Wonderful novel story,fixbt.com,2026-10-01,2026-10-01,True,,FACEBOOK|INSTAGRAM|AUDIENCE_NETWORK,"The day Rebecca Perry was set to leave the country, Vance Bradford blew through three red lights in a desperate race to the airport. But even then, he didn't make it in time to catch her before she bo"
h_paidcare,825638820626644,Wonderful novel story,fixbt.com,2026-10-01,2026-10-01,True,,FACEBOOK|INSTAGRAM|AUDIENCE_NETWORK,"The day Rebecca Perry was set to leave the country, Vance Bradford blew through three red lights in a desperate race to the airport. But even then, he didn't make it in time to catch her before she bo"
h_paidcare,825638820626644,Wonderful novel story,fixbt.com,2026-10-01,2026-10-01,True,,FACEBOOK|INSTAGRAM|AUDIENCE_NETWORK,"The day Rebecca Perry was set to leave the country, Vance Bradford blew through three red lights in a desperate race to the airport. But even then, he didn't make it in time to catch her before she bo"
h_paidcare,825638820626644,Wonderful novel story,fixbt.com,2026-10-01,2026-10-01,True,,FACEBOOK|INSTAGRAM|AUDIENCE_NETWORK,"The day Rebecca Perry was set to leave the country, Vance Bradford blew through three red lights in a desperate race to the airport. But even then, he didn't make it in time to catch her before she bo"
h_paidcare,825638820626644,Wonderful novel story,fixbt.com,2026-10-01,2026-10-01,True,,FACEBOOK|INSTAGRAM|AUDIENCE_NETWORK,"The day Rebecca Perry was set to leave the country, Vance Bradford blew through three red lights in a desperate race to the airport. But even then, he didn't make it in time to catch her before she bo"
h_paidcare,825638820626644,Wonderful novel story,fixbt.com,2026-10-01,2026-10-01,True,,FACEBOOK|INSTAGRAM|AUDIENCE_NETWORK,"The day Rebecca Perry was set to leave the country, Vance Bradford blew through three red lights in a desperate race to the airport. But even then, he didn't make it in time to catch her before she bo"
h_paidcare,122094947192016633,Novels Lover,fixbt.com,2026-10-01,2026-10-01,True,1,FACEBOOK|INSTAGRAM|AUDIENCE_NETWORK,"The day Rebecca Perry was set to leave the country, Vance Bradford blew through three red lights in a desperate race to the airport. But even then, he didn't make it in time to catch her before she bo"
h_paidcare,122094947192016633,Novels Lover,fixbt.com,2026-10-01,2026-10-01,True,2,FACEBOOK|INSTAGRAM|AUDIENCE_NETWORK,"The day Rebecca Perry was set to leave the country, Vance Bradford blew through three red lights in a desperate race to the airport. But even then, he didn't make it in time to catch her before she bo"
h_paidcare,122094947192016633,Novels Lover,fixbt.com,2026-10-01,2026-10-01,True,,FACEBOOK|INSTAGRAM|AUDIENCE_NETWORK,"The day Rebecca Perry was set to leave the country, Vance Bradford blew through three red lights in a desperate race to the airport. But even then, he didn't make it in time to catch her before she bo"
h_paidcare,122094947192016633,Novels Lover,fixbt.com,2026-10-01,2026-10-01,True,,FACEBOOK|INSTAGRAM|AUDIENCE_NETWORK,"The day Rebecca Perry was set to leave the country, Vance Bradford blew through three red lights in a desperate race to the airport. But even then, he didn't make it in time to catch her before she bo"
h_paidcare,122094947192016633,Novels Lover,fixbt.com,2026-10-01,2026-10-01,True,,FACEBOOK|INSTAGRAM|AUDIENCE_NETWORK,"The day Rebecca Perry was set to leave the country, Vance Bradford blew through three red lights in a desperate race to the airport. But even then, he didn't make it in time to catch her before she bo"
h_paidcare,122094947192016633,Novels Lover,fixbt.com,2026-10-01,2026-10-01,True,,FACEBOOK|INSTAGRAM|AUDIENCE_NETWORK,"The day Rebecca Perry was set to leave the country, Vance Bradford blew through three red lights in a desperate race to the airport. But even then, he didn't make it in time to catch her before she bo"
h_paidcare,122094947192016633,Novels Lover,fixbt.com,2026-10-01,2026-10-01,True,,FACEBOOK|INSTAGRAM|AUDIENCE_NETWORK,"The day Rebecca Perry was set to leave the country, Vance Bradford blew through three red lights in a desperate race to the airport. But even then, he didn't make it in time to catch her before she bo"
h_paidcare,122094947192016633,Novels Lover,www.fixbt.com,2026-09-26,2026-09-30,False,23,FACEBOOK|INSTAGRAM|AUDIENCE_NETWORK,"The day Rebecca Perry was set to leave the country, Vance Bradford blew through three red lights in a desperate race to the airport. But even then, he didn't make it in time to catch her before she bo"
h_paidcare,122094947192016633,Novels Lover,www.fixbt.com,2026-09-20,2026-09-22,False,,FACEBOOK|INSTAGRAM|AUDIENCE_NETWORK,"The day Rebecca Perry was set to leave the country, Vance Bradford blew through three red lights in a desperate race to the airport. But even then, he didn't make it in time to catch her before she bo"
h_paidcare,122094947192016633,Novels Lover,www.fixbt.com,2026-09-06,2026-09-17,False,3,FACEBOOK|INSTAGRAM|AUDIENCE_NETWORK|MESSENGER,"""Sleep with me. No protection."" That was his condition for the divorce. 😭🔞 For five years of marriage, he had never touched me. Until the day I caught him in our bed with my best friend... I asked for"
h_paidcare,122094947192016633,Novels Lover,www.fixbt.com,2026-09-09,2026-09-17,False,,FACEBOOK|INSTAGRAM|AUDIENCE_NETWORK|MESSENGER,"""Sleep with me. No protection."" That was his condition for the divorce. 😭🔞 For five years of marriage, he had never touched me. Until the day I caught him in our bed with my best friend... I asked for"
h_paidcare,122094947192016633,Novels Lover,www.fixbt.com,2026-09-06,2026-09-16,False,23,FACEBOOK|INSTAGRAM|AUDIENCE_NETWORK|MESSENGER,"The day Rebecca Perry was set to leave the country, Vance Bradford blew through three red lights in a desperate race to the airport. But even then, he didn't make it in time to catch her before she bo"
h_paidcare,122094947192016633,Novels Lover,www.fixbt.com,2026-09-07,2026-09-17,False,,FACEBOOK|INSTAGRAM|AUDIENCE_NETWORK|MESSENGER,"The day Rebecca Perry was set to leave the country, Vance Bradford blew through three red lights in a desperate race to the airport. But even then, he didn't make it in time to catch her before she bo"
h_paidcare,960177710517151,Night Story,fixbt.com,2026-09-11,2026-09-16,False,23,FACEBOOK|INSTAGRAM|AUDIENCE_NETWORK,"""Sleep with me. No protection."" That was his condition for the divorce. 😭🔞 For five years of marriage, he had never touched me. Until the day I caught him in our bed with my best friend... I asked for"
h_paidcare,960177710517151,Night Story,fixbt.com,2026-09-11,2026-09-14,False,,FACEBOOK|INSTAGRAM|AUDIENCE_NETWORK,"""Sleep with me. No protection."" That was his condition for the divorce. 😭🔞 For five years of marriage, he had never touched me. Until the day I caught him in our bed with my best friend... I asked for"
h_paidcare,960177710517151,Night Story,fixbt.com,2026-09-11,2026-09-14,False,,FACEBOOK|INSTAGRAM|AUDIENCE_NETWORK,"""Sleep with me. No protection."" That was his condition for the divorce. 😭🔞 For five years of marriage, he had never touched me. Until the day I caught him in our bed with my best friend... I asked for"
h_paidcare,326070620581948,Romance Novels Reading,fixbt.com,2026-08-31,2026-09-03,False,,FACEBOOK|INSTAGRAM|AUDIENCE_NETWORK|MESSENGER,"""Sleep with me. No protection."" That was his condition for the divorce. 😭🔞 For five years of marriage, he had never touched me. Until the day I caught him in our bed with my best friend... I asked for"
h_paidcare,122094947192016633,Novels Lover,www.fixbt.com,2026-09-19,2026-09-22,False,,FACEBOOK|INSTAGRAM|AUDIENCE_NETWORK,"The day Rebecca Perry was set to leave the country, Vance Bradford blew through three red lights in a desperate race to the airport. But even then, he didn't make it in time to catch her before she bo"
r_5eiIkNcY67NdYzYMv,298139186725904,Citizen Health,www.citizen.health,2026-05-19,2026-05-21,False,1,FACEBOOK|INSTAGRAM|MESSENGER|THREADS,"Wish you had a ""second brain"" just to handle the tedious parts of being a caregiver in our messed up healthcare system? That's what we've built. Our founder Nasha tells you how she's using it for medi"
r_Sqdvk6MxWj27KG0Pd,119356663233742,Gratus Tecnologia,doutorbeneficios.com,2026-05-27,2026-10-01,True,1,FACEBOOK|INSTAGRAM|AUDIENCE_NETWORK|MESSENGER|THREADS,"😣 Não acordou bem hoje? Você não precisa sair de casa para cuidar da sua saúde.  📲 Com apenas R$49,90, fale com um médico em minutos — 24h por dia! Receba atestado, receita, pedidos de exames e muito "
r_Sqdvk6MxWj27KG0Pd,119356663233742,Gratus Tecnologia,www.doutorbeneficios.com,2026-05-15,2026-10-01,True,2,FACEBOOK|INSTAGRAM|AUDIENCE_NETWORK|MESSENGER|THREADS,"400 mil pessoas. 400 mil histórias. 400 mil motivos para continuarmos!   A @doutorbeneficiostelemedicina entra oficialmente na sua fase 3.0. E ela não chega apenas com números, chega ainda maior em PR"
r_Sqdvk6MxWj27KG0Pd,119356663233742,Gratus Tecnologia,www.doutorbeneficios.com,2026-05-24,2026-10-01,True,,FACEBOOK|AUDIENCE_NETWORK|MESSENGER,"400 mil pessoas. 400 mil histórias. 400 mil motivos para continuarmos!   A @doutorbeneficiostelemedicina entra oficialmente na sua fase 3.0. E ela não chega apenas com números, chega ainda maior em PR"
r_Sqdvk6MxWj27KG0Pd,119356663233742,Gratus Tecnologia,www.doutorbeneficios.com,2026-05-27,2026-10-01,True,1,FACEBOOK|INSTAGRAM|AUDIENCE_NETWORK|MESSENGER|THREADS,"Cuidar da saúde não pode ser difícil, não pode ser caro e não pode depender da sorte.  É por isso que existimos. Para levar médicos reais, atendimento responsável e acesso imediato para quem não pode "
r_dUqbg7jriZOA2Ja9n,428312257036400,Doctronic,,2026-04-22,2026-04-27,False,1,FACEBOOK|INSTAGRAM|AUDIENCE_NETWORK,8.5% of America's carbon emissions are associated with healthcare.  Most of it is travel and infrastructure. Millions of trips to appointments that never needed a waiting room.  25 million people have
r_dUqbg7jriZOA2Ja9n,428312257036400,Doctronic,,2026-03-04,2026-03-10,False,1,FACEBOOK|INSTAGRAM|AUDIENCE_NETWORK,The real danger isn't Al in healthcare. It's patients who can't get their prescriptions on time. That costs $100B a year. We're here to change that. #AIHealthcare #AIDoctor
